End Time,Meter,Start Time,avgAmp,avgPf,avgTHD,avgVolt,l1Amp,l1Kva,l1Kvar,l1Kw,l1Pf,l1THD,l1Volt,l2Amp,l2Kva,l2Kvar,l2Kw,l2Pf,l2THD,l2Volt,l3Amp,l3Kva,l3Kvar,l3Kw,l3Pf,l3THD,l3Volt,totalKva,totalKvar,totalKw
11/5/2025 16:26,DCF Meter,11/5/2025 16:26,461.6666666666667,97.33333333333333,0,496.3333333333333,502,142,24,139,98,0,495,458,132,28,129,97,0,496,425,121,26,117,97,0,498,395,78,385
11/5/2025 16:27,DCF Meter,11/5/2025 16:27,435,97,0,496.3333333333333,477,135,23,133,98,0,495,431,125,28,121,96,0,496,397,113,24,110,97,0,498,373,75,364
11/5/2025 16:28,DCF Meter,11/5/2025 16:28,400.3333333333333,98.33333333333333,0,497,442,125,12,124,99,0,495,398,115,16,113,98,0,497,361,103,12,101,98,0,499,343,40,338
11/5/2025 16:29,DCF Meter,11/5/2025 16:29,433.3333333333333,97.33333333333333,0,496.3333333333333,479,136,20,134,98,0,495,432,125,27,121,97,0,496,389,110,20,108,97,0,498,371,67,363
11/5/2025 16:30,DCF Meter,11/5/2025 16:30,391.3333333333333,98,0,496.6666666666667,442,125,13,124,99,0,495,388,112,21,109,97,0,496,344,98,13,96,98,0,499,335,47,329
11/5/2025 16:31,DCF Meter,11/5/2025 16:31,411.3333333333333,97,0,496.3333333333333,460,131,19,128,98,0,495,409,118,27,114,96,0,496,365,104,20,101,97,0,498,353,66,343
11/5/2025 16:32,DCF Meter,11/5/2025 16:32,433,97,0,496.3333333333333,482,137,24,134,98,0,495,431,124,32,120,96,0,496,386,110,24,106,97,0,498,371,80,360
11/5/2025 16:33,DCF Meter,11/5/2025 16:33,421.6666666666667,97,0,496.3333333333333,471,134,22,131,98,0,495,420,121,30,117,96,0,496,374,106,22,103,97,0,498,361,74,351
11/5/2025 16:34,DCF Meter,11/5/2025 16:34,491,96.33333333333333,0,495.6666666666667,533,151,29,148,97,0,494,488,141,33,136,96,0,496,452,128,30,124,96,0,497,420,92,408
11/5/2025 16:35,DCF Meter,11/5/2025 16:35,440.3333333333333,97.66666666666667,0,496.3333333333333,479,136,18,134,98,0,495,442,128,24,125,97,0,496,400,114,20,111,98,0,498,378,62,370
11/5/2025 16:36,DCF Meter,11/5/2025 16:36,432.6666666666667,97,0,496.3333333333333,480,136,21,134,98,0,495,433,125,29,121,96,0,496,385,109,23,106,97,0,498,370,73,361
11/5/2025 16:37,DCF Meter,11/5/2025 16:37,446.3333333333333,97.33333333333333,0,496.3333333333333,485,138,21,136,98,0,495,445,129,24,126,97,0,496,409,116,22,114,97,0,498,383,67,376
11/5/2025 16:38,DCF Meter,11/5/2025 16:38,486,93.33333333333333,0,495.3333333333333,530,150,44,143,95,0,494,484,140,51,129,92,0,495,444,126,43,117,93,0,497,416,138,389
11/5/2025 16:39,DCF Meter,11/5/2025 16:39,491.3333333333333,97.33333333333333,0,496.3333333333333,527,149,28,146,98,0,495,487,141,30,137,97,0,496,460,131,30,127,97,0,498,421,88,410
11/5/2025 16:40,DCF Meter,11/5/2025 16:40,429.6666666666667,97.33333333333333,0,497,477,135,21,133,98,0,495,424,123,26,119,97,0,497,388,110,20,108,97,0,499,368,67,360
11/5/2025 16:41,DCF Meter,11/5/2025 16:41,454,96.33333333333333,0,496.6666666666667,500,142,27,139,97,0,495,452,131,33,125,96,0,497,410,117,27,113,96,0,498,390,87,377
11/5/2025 16:42,DCF Meter,11/5/2025 16:42,445.6666666666667,96.33333333333333,0,497,488,138,26,135,97,0,495,445,129,31,124,96,0,497,404,115,27,111,96,0,499,382,84,370
11/5/2025 16:43,DCF Meter,11/5/2025 16:43,442.6666666666667,97.33333333333333,0,497,480,136,21,134,98,0,495,443,128,25,125,97,0,497,405,115,21,113,97,0,499,379,67,372
11/5/2025 16:44,DCF Meter,11/5/2025 16:44,446.6666666666667,96.33333333333333,0,496.6666666666667,491,139,27,136,97,0,495,447,129,34,124,96,0,497,402,114,27,110,96,0,498,382,88,370
11/5/2025 16:45,DCF Meter,11/5/2025 16:45,408.3333333333333,97.33333333333333,0,497.3333333333333,459,130,20,128,98,0,496,403,117,27,113,96,0,497,363,103,18,101,98,0,499,350,65,342
11/5/2025 16:46,DCF Meter,11/5/2025 16:46,402.6666666666667,97.66666666666667,0,497,452,128,18,126,98,0,495,398,115,25,112,97,0,497,358,102,16,100,98,0,499,345,59,338
11/5/2025 16:47,DCF Meter,11/5/2025 16:47,429,97,0,497,476,135,22,133,98,0,495,424,123,28,119,96,0,497,387,110,20,108,97,0,499,368,70,360
11/5/2025 16:48,DCF Meter,11/5/2025 16:48,406,98,0,497.6666666666667,454,129,15,127,98,0,496,398,115,20,113,98,0,498,366,104,12,103,98,0,499,348,47,343
11/5/2025 16:49,DCF Meter,11/5/2025 16:49,386.6666666666667,97.66666666666667,0,497.6666666666667,435,123,14,122,98,0,496,382,111,21,108,97,0,498,343,98,12,96,98,0,499,332,47,326
11/5/2025 16:50,DCF Meter,11/5/2025 16:50,424,97.33333333333333,0,497,470,133,20,131,98,0,495,421,122,27,118,97,0,497,381,109,19,106,97,0,499,364,66,355
11/5/2025 16:51,DCF Meter,11/5/2025 16:51,385.6666666666667,97.66666666666667,0,497.6666666666667,432,123,14,121,98,0,496,382,111,21,108,97,0,498,343,98,12,96,98,0,499,332,47,325
11/5/2025 16:52,DCF Meter,11/5/2025 16:52,439.6666666666667,97,0,496.6666666666667,482,137,24,134,98,0,495,437,126,31,122,96,0,497,400,114,23,111,97,0,498,377,78,367
11/5/2025 16:53,DCF Meter,11/5/2025 16:53,428.3333333333333,96.33333333333333,0,497.3333333333333,474,134,25,131,97,0,496,425,123,32,118,95,0,497,386,110,24,107,97,0,499,367,81,356
11/5/2025 16:54,DCF Meter,11/5/2025 16:54,472.6666666666667,96.33333333333333,0,496.6666666666667,511,145,29,141,97,0,495,467,135,33,130,96,0,497,440,125,29,121,96,0,498,405,91,392
11/5/2025 16:55,DCF Meter,11/5/2025 16:55,498.3333333333333,96.33333333333333,0,496.3333333333333,536,152,34,148,97,0,495,492,142,37,137,96,0,496,467,133,33,128,96,0,498,427,104,413
11/5/2025 16:56,DCF Meter,11/5/2025 16:56,472.3333333333333,96.33333333333333,0,496.6666666666667,508,144,32,140,97,0,495,467,135,35,130,96,0,497,442,126,31,121,96,0,498,405,98,391
11/5/2025 16:57,DCF Meter,11/5/2025 16:57,413,97.66666666666667,0,497.6666666666667,457,130,18,128,98,0,496,406,118,23,114,97,0,498,376,107,17,105,98,0,499,355,58,347
11/5/2025 16:58,DCF Meter,11/5/2025 16:58,462.6666666666667,97.33333333333333,0,497,502,142,25,140,98,0,495,457,132,30,128,97,0,497,429,122,25,119,97,0,499,396,80,387
11/5/2025 16:59,DCF Meter,11/5/2025 16:59,423.3333333333333,98,0,497.6666666666667,459,130,15,129,98,0,496,418,121,19,119,98,0,498,393,112,15,110,98,0,499,363,49,358
11/5/2025 17:00,DCF Meter,11/5/2025 17:00,457.6666666666667,97.66666666666667,0,497.6666666666667,492,140,21,138,98,0,496,455,132,25,129,97,0,498,426,121,22,119,98,0,499,393,68,386
11/5/2025 17:01,DCF Meter,11/5/2025 17:01,418,97.33333333333333,0,498,451,128,18,127,98,0,496,422,122,25,119,97,0,498,381,109,22,106,97,0,500,359,65,352
11/5/2025 17:02,DCF Meter,11/5/2025 17:02,411.6666666666667,98.33333333333333,0,498.6666666666667,444,126,11,125,99,0,497,414,120,15,118,98,0,499,377,108,14,106,98,0,500,354,40,349
11/5/2025 17:03,DCF Meter,11/5/2025 17:03,435.6666666666667,97.66666666666667,0,498.6666666666667,471,134,18,132,98,0,497,435,126,23,123,97,0,499,401,114,19,112,98,0,500,374,60,367
11/5/2025 17:04,DCF Meter,11/5/2025 17:04,432,97.33333333333333,0,498.3333333333333,464,132,20,130,98,0,497,435,126,25,123,97,0,498,397,113,23,110,97,0,500,371,68,363
11/5/2025 17:05,DCF Meter,11/5/2025 17:05,420.6666666666667,98.33333333333333,0,498.6666666666667,453,129,13,128,99,0,497,426,123,20,121,98,0,499,383,109,18,107,98,0,500,361,51,356
11/5/2025 17:06,DCF Meter,11/5/2025 17:06,438.6666666666667,97.33333333333333,0,498.3333333333333,475,135,19,133,98,0,497,445,129,28,125,97,0,498,396,113,24,110,97,0,500,377,71,368
11/5/2025 17:07,DCF Meter,11/5/2025 17:07,420,98.33333333333333,0,498.3333333333333,452,129,13,127,99,0,497,426,124,19,121,98,0,498,382,109,19,107,98,0,500,362,51,355
11/5/2025 17:08,DCF Meter,11/5/2025 17:08,452.3333333333333,95,0,497.3333333333333,485,138,31,133,96,0,496,456,132,36,125,95,0,497,416,118,34,112,94,0,499,388,101,370
11/5/2025 17:09,DCF Meter,11/5/2025 17:09,418.3333333333333,97.66666666666667,0,498.3333333333333,460,131,16,129,98,0,497,420,122,24,119,97,0,498,375,107,18,105,98,0,500,360,58,353
11/5/2025 17:10,DCF Meter,11/5/2025 17:10,423,98.33333333333333,0,499,462,132,15,130,99,0,498,422,122,20,120,98,0,499,385,110,16,108,98,0,500,364,51,358
11/5/2025 17:11,DCF Meter,11/5/2025 17:11,434.6666666666667,97,0,498.3333333333333,478,136,22,134,98,0,497,431,125,28,121,96,0,498,395,113,22,110,97,0,500,374,72,365
11/5/2025 17:12,DCF Meter,11/5/2025 17:12,442.3333333333333,97.33333333333333,0,498.3333333333333,481,137,21,135,98,0,497,439,127,25,124,97,0,498,407,116,22,113,97,0,500,380,68,372
11/5/2025 17:13,DCF Meter,11/5/2025 17:13,398,97.66666666666667,0,499,442,126,15,124,98,0,497,393,114,22,111,97,0,499,359,102,15,101,98,0,501,342,52,336
11/5/2025 17:14,DCF Meter,11/5/2025 17:14,468,97,0,498.3333333333333,505,144,25,141,98,0,497,466,135,31,131,96,0,498,433,123,27,120,97,0,500,402,83,392
11/5/2025 17:15,DCF Meter,11/5/2025 17:15,424,97.33333333333333,0,499,465,133,19,131,98,0,497,422,122,25,119,97,0,499,385,110,20,108,97,0,501,365,64,358
11/5/2025 17:16,DCF Meter,11/5/2025 17:16,406.6666666666667,97.33333333333333,0,499,449,128,18,126,98,0,497,407,118,25,115,97,0,499,364,104,19,101,97,0,501,350,62,342
11/5/2025 17:17,DCF Meter,11/5/2025 17:17,442.3333333333333,98,0,499.3333333333333,481,137,19,135,98,0,498,439,128,23,125,98,0,499,407,116,20,114,98,0,501,381,62,374
11/5/2025 17:18,DCF Meter,11/5/2025 17:18,371.6666666666667,98.33333333333333,0,499.6666666666667,415,118,9,117,99,0,498,370,108,17,105,98,0,500,330,94,10,93,98,0,501,320,36,315
11/5/2025 17:19,DCF Meter,11/5/2025 17:19,432,98,0,499.6666666666667,469,134,17,132,98,0,498,428,124,21,122,98,0,500,399,114,19,112,98,0,501,372,57,366
11/5/2025 17:20,DCF Meter,11/5/2025 17:20,383.6666666666667,97.66666666666667,0,499.6666666666667,428,122,15,120,98,0,498,381,111,23,107,97,0,500,342,98,16,96,98,0,501,331,54,323
11/5/2025 17:21,DCF Meter,11/5/2025 17:21,396.6666666666667,98.33333333333333,0,500,437,125,10,124,99,0,498,393,114,15,113,98,0,500,360,103,12,102,98,0,502,342,37,339
11/5/2025 17:22,DCF Meter,11/5/2025 17:22,412.6666666666667,97.66666666666667,0,499.6666666666667,455,130,17,128,98,0,498,410,119,23,116,97,0,500,373,107,18,105,98,0,501,356,58,349
11/5/2025 17:23,DCF Meter,11/5/2025 17:23,392.3333333333333,98,0,498,432,123,12,122,99,0,496,396,115,20,112,97,0,498,349,99,16,97,98,0,500,337,48,331
11/5/2025 17:24,DCF Meter,11/5/2025 17:24,371,98.33333333333333,0,497.3333333333333,412,117,9,116,99,0,496,368,107,13,105,98,0,497,333,95,9,94,98,0,499,319,31,315
11/5/2025 17:25,DCF Meter,11/5/2025 17:25,438.3333333333333,97.33333333333333,0,495.3333333333333,476,135,21,133,98,0,494,439,127,28,123,97,0,495,400,113,25,110,97,0,497,375,74,366
11/5/2025 17:26,DCF Meter,11/5/2025 17:26,418.3333333333333,97.33333333333333,0,496,461,131,19,129,98,0,494,416,120,26,116,97,0,496,378,107,20,105,97,0,498,358,65,350
11/5/2025 17:27,DCF Meter,11/5/2025 17:27,448.6666666666667,96.33333333333333,0,495.3333333333333,486,138,26,135,97,0,494,449,130,32,125,96,0,495,411,117,28,113,96,0,497,385,86,373
11/5/2025 17:28,DCF Meter,11/5/2025 17:28,430.6666666666667,97.33333333333333,0,495.3333333333333,470,133,19,131,98,0,494,430,124,26,120,97,0,495,392,111,21,109,97,0,497,368,66,360
11/5/2025 17:29,DCF Meter,11/5/2025 17:29,433.6666666666667,98.66666666666667,0,496.6666666666667,479,136,9,135,99,0,495,431,124,16,123,98,0,496,391,111,10,110,99,0,499,371,35,368
11/5/2025 17:30,DCF Meter,11/5/2025 17:30,470.6666666666667,98.33333333333333,0,496.3333333333333,510,144,15,143,99,0,495,466,135,20,133,98,0,496,436,124,16,122,98,0,498,403,51,398
11/5/2025 17:31,DCF Meter,11/5/2025 17:31,380.3333333333333,97.66666666666667,0,496.3333333333333,422,120,15,118,98,0,495,378,109,22,106,97,0,496,341,97,15,95,98,0,498,326,52,319
11/5/2025 17:32,DCF Meter,11/5/2025 17:32,418,99,0,497.3333333333333,452,128,6,128,99,0,496,414,120,8,119,99,0,497,388,110,7,110,99,0,499,358,21,357
11/5/2025 17:33,DCF Meter,11/5/2025 17:33,434.3333333333333,99,0,496.6666666666667,467,133,10,132,99,0,495,429,124,12,123,99,0,497,407,116,9,115,99,0,498,373,31,370
11/5/2025 17:34,DCF Meter,11/5/2025 17:34,419.6666666666667,99,0,497.3333333333333,457,130,0,129,99,0,496,417,121,6,120,99,0,497,385,109,5,109,99,0,499,360,11,358
11/5/2025 17:35,DCF Meter,11/5/2025 17:35,337.6666666666667,98.33333333333333,0,497.3333333333333,374,106,8,105,99,0,496,336,97,13,96,98,0,497,303,86,9,85,98,0,499,289,30,286
11/5/2025 17:36,DCF Meter,11/5/2025 17:36,347,98.33333333333333,0,497,378,107,11,106,99,0,496,349,101,15,99,98,0,497,314,89,14,88,98,0,498,297,40,293
11/5/2025 17:37,DCF Meter,11/5/2025 17:37,345.3333333333333,99,0,497.3333333333333,374,106,6,106,99,0,496,343,99,7,98,99,0,497,319,91,8,90,99,0,499,296,21,294
11/5/2025 17:38,DCF Meter,11/5/2025 17:38,357,98.33333333333333,0,497.3333333333333,392,111,12,110,99,0,496,353,102,14,100,98,0,497,326,93,13,91,98,0,499,306,39,301
11/5/2025 17:39,DCF Meter,11/5/2025 17:39,345,98.33333333333333,0,497.3333333333333,377,107,9,106,99,0,496,341,98,9,97,98,0,497,317,90,10,89,98,0,499,295,28,292
11/5/2025 17:40,DCF Meter,11/5/2025 17:40,299,99,0,498,339,96,1,96,99,0,496,295,85,5,84,99,0,498,263,75,2,74,99,0,500,256,8,254
11/5/2025 17:41,DCF Meter,11/5/2025 17:41,352.3333333333333,98.33333333333333,0,497,395,112,11,111,99,0,495,349,101,17,99,98,0,497,313,89,13,87,98,0,499,302,41,297
11/5/2025 17:42,DCF Meter,11/5/2025 17:42,312.3333333333333,98.66666666666667,0,497.3333333333333,354,100,3,100,99,0,496,308,89,8,88,98,0,497,275,78,5,77,99,0,499,267,16,265
11/5/2025 17:43,DCF Meter,11/5/2025 17:43,346.6666666666667,98.33333333333333,0,497.3333333333333,383,109,10,108,99,0,496,345,100,15,98,98,0,497,312,89,12,87,98,0,499,298,37,293
11/5/2025 17:44,DCF Meter,11/5/2025 17:44,313,98.33333333333333,0,497.3333333333333,352,100,10,99,99,0,496,310,90,14,88,98,0,497,277,79,11,77,98,0,499,269,35,264
11/5/2025 17:45,DCF Meter,11/5/2025 17:45,292,98.33333333333333,0,498,336,95,4,95,99,0,496,288,83,10,82,98,0,498,252,72,4,71,98,0,500,250,18,248
11/5/2025 17:46,DCF Meter,11/5/2025 17:46,328.6666666666667,98.33333333333333,0,497.3333333333333,367,104,10,103,99,0,496,323,93,14,92,98,0,497,296,84,11,83,98,0,499,281,35,278
11/5/2025 17:47,DCF Meter,11/5/2025 17:47,294,98.33333333333333,0,497.3333333333333,332,94,7,94,99,0,496,289,83,9,82,98,0,497,261,74,7,73,98,0,499,251,23,249
11/5/2025 17:48,DCF Meter,11/5/2025 17:48,287.6666666666667,98.66666666666667,0,497.6666666666667,330,94,3,93,99,0,496,281,81,6,80,98,0,498,252,72,2,71,99,0,499,247,11,244
11/5/2025 17:49,DCF Meter,11/5/2025 17:49,339,97.66666666666667,0,497.3333333333333,379,108,11,107,99,0,496,342,99,18,96,97,0,497,296,84,14,82,97,0,499,291,43,285
11/5/2025 17:50,DCF Meter,11/5/2025 17:50,304,98.33333333333333,0,497.3333333333333,344,98,4,97,99,0,496,307,89,12,87,98,0,497,261,74,7,73,98,0,499,261,23,257
11/5/2025 17:51,DCF Meter,11/5/2025 17:51,318.6666666666667,98.33333333333333,0,497.3333333333333,351,100,5,99,99,0,496,324,94,9,93,98,0,497,281,80,10,79,98,0,499,274,24,271
11/5/2025 17:52,DCF Meter,11/5/2025 17:52,321,98.66666666666667,0,497.3333333333333,351,100,3,99,99,0,496,323,93,5,93,99,0,497,289,82,7,81,98,0,499,275,15,273
11/5/2025 17:53,DCF Meter,11/5/2025 17:53,337.3333333333333,98.33333333333333,0,497.3333333333333,375,107,10,106,99,0,496,335,97,13,95,98,0,497,302,86,11,84,98,0,499,290,34,285
11/5/2025 17:54,DCF Meter,11/5/2025 17:54,317.3333333333333,98.33333333333333,0,497.3333333333333,356,101,10,100,99,0,496,314,91,13,89,98,0,497,282,80,10,79,98,0,499,272,33,268
11/5/2025 17:55,DCF Meter,11/5/2025 17:55,314.3333333333333,99,0,498.3333333333333,350,99,0,99,99,0,497,317,92,2,91,99,0,498,276,79,4,78,99,0,500,270,6,268
11/5/2025 17:56,DCF Meter,11/5/2025 17:56,325.6666666666667,98.33333333333333,0,497.3333333333333,369,105,6,104,99,0,496,326,94,12,93,98,0,497,282,80,8,79,98,0,499,279,26,276
11/5/2025 17:57,DCF Meter,11/5/2025 17:57,312.6666666666667,98.33333333333333,0,497.3333333333333,354,100,9,100,99,0,496,313,91,14,89,98,0,497,271,77,11,76,98,0,499,268,34,265
11/5/2025 17:58,DCF Meter,11/5/2025 17:58,298.3333333333333,98.33333333333333,0,497.6666666666667,341,97,4,96,99,0,496,298,86,9,85,98,0,498,256,73,5,72,98,0,499,256,18,253
11/5/2025 17:59,DCF Meter,11/5/2025 17:59,347.6666666666667,97.33333333333333,0,497,389,110,14,109,98,0,495,347,100,19,98,97,0,497,307,87,16,85,97,0,499,297,49,292
11/5/2025 18:00,DCF Meter,11/5/2025 18:00,310,98.33333333333333,0,498,354,101,7,100,99,0,496,310,90,13,88,98,0,498,266,76,9,75,98,0,500,267,29,263
11/5/2025 18:01,DCF Meter,11/5/2025 18:01,306.6666666666667,98.33333333333333,0,498,350,99,8,98,99,0,496,305,88,13,87,98,0,498,265,75,8,74,98,0,500,262,29,259
11/5/2025 18:02,DCF Meter,11/5/2025 18:02,329.3333333333333,98.33333333333333,0,497.3333333333333,372,106,9,105,99,0,496,326,94,13,93,98,0,497,290,83,9,81,98,0,499,283,31,279
11/5/2025 18:03,DCF Meter,11/5/2025 18:03,290,98.66666666666667,0,498.3333333333333,335,95,0,95,99,0,497,287,83,6,82,98,0,498,248,71,0,70,99,0,500,249,6,247
11/5/2025 18:04,DCF Meter,11/5/2025 18:04,296.3333333333333,98.33333333333333,0,498,339,96,4,96,99,0,496,295,85,8,84,98,0,498,255,73,4,72,98,0,500,254,16,252
11/5/2025 18:05,DCF Meter,11/5/2025 18:05,304.6666666666667,98.33333333333333,0,498,348,99,5,98,99,0,496,303,88,10,87,98,0,498,263,75,5,74,98,0,500,262,20,259
11/5/2025 18:06,DCF Meter,11/5/2025 18:06,286.6666666666667,99,0,498.3333333333333,332,94,0,94,99,0,497,284,82,4,81,99,0,498,244,70,0,69,99,0,500,246,4,244
11/5/2025 18:07,DCF Meter,11/5/2025 18:07,321.3333333333333,98.66666666666667,0,497.3333333333333,362,103,5,102,99,0,496,321,93,10,92,98,0,497,281,80,6,79,99,0,499,276,21,273
11/5/2025 18:08,DCF Meter,11/5/2025 18:08,299.3333333333333,98.33333333333333,0,498,340,97,5,96,99,0,496,298,86,9,85,98,0,498,260,74,6,73,98,0,500,257,20,254
11/5/2025 18:09,DCF Meter,11/5/2025 18:09,283,98.66666666666667,0,498.3333333333333,330,94,0,93,99,0,497,279,81,5,80,98,0,498,240,68,0,68,99,0,500,243,5,241
11/5/2025 18:10,DCF Meter,11/5/2025 18:10,316.6666666666667,98.66666666666667,0,498,362,103,6,102,99,0,496,313,91,11,89,98,0,498,275,78,6,77,99,0,500,272,23,268
11/5/2025 18:11,DCF Meter,11/5/2025 18:11,307,98,0,498,357,101,9,101,99,0,496,302,87,15,85,97,0,498,262,75,8,73,98,0,500,263,32,259
11/5/2025 18:12,DCF Meter,11/5/2025 18:12,290.3333333333333,98.66666666666667,0,498.3333333333333,341,97,2,96,99,0,497,287,83,9,82,98,0,498,243,69,2,69,99,0,500,249,13,247
11/5/2025 18:13,DCF Meter,11/5/2025 18:13,337.3333333333333,97.66666666666667,0,497.6666666666667,382,109,13,107,98,0,496,335,97,18,95,97,0,498,295,84,13,82,98,0,499,290,44,284
11/5/2025 18:14,DCF Meter,11/5/2025 18:14,291,98.66666666666667,0,498.3333333333333,338,96,3,95,99,0,497,288,83,9,82,98,0,498,247,70,4,70,99,0,500,249,16,247
11/5/2025 18:15,DCF Meter,11/5/2025 18:15,290.6666666666667,98.66666666666667,0,498.3333333333333,338,96,2,96,99,0,497,288,83,8,82,98,0,498,246,70,3,69,99,0,500,249,13,247
11/5/2025 18:16,DCF Meter,11/5/2025 18:16,331,98.33333333333333,0,497.6666666666667,377,107,10,106,99,0,496,328,95,15,93,98,0,498,288,82,11,81,98,0,499,284,36,280
11/5/2025 18:17,DCF Meter,11/5/2025 18:17,288,98.66666666666667,0,498.3333333333333,330,94,1,93,99,0,497,284,82,5,82,98,0,498,250,71,1,70,99,0,500,247,7,245
11/5/2025 18:18,DCF Meter,11/5/2025 18:18,329.3333333333333,98.33333333333333,0,498,369,105,8,104,99,0,497,327,95,11,93,98,0,498,292,83,9,82,98,0,499,283,28,279
11/5/2025 18:19,DCF Meter,11/5/2025 18:19,311.3333333333333,98.33333333333333,0,498.3333333333333,351,100,7,99,99,0,497,311,90,11,89,98,0,498,272,77,7,76,98,0,500,267,25,264
11/5/2025 18:20,DCF Meter,11/5/2025 18:20,295,99,0,498.3333333333333,335,95,1,95,99,0,497,293,85,5,84,99,0,498,257,73,1,72,99,0,500,253,7,251
11/5/2025 18:21,DCF Meter,11/5/2025 18:21,327.6666666666667,98.33333333333333,0,498.3333333333333,365,104,8,103,99,0,497,327,95,10,94,98,0,498,291,83,8,82,98,0,500,282,26,279
11/5/2025 18:22,DCF Meter,11/5/2025 18:22,307,98.33333333333333,0,498.3333333333333,344,98,7,97,99,0,497,307,89,10,88,98,0,498,270,77,7,76,98,0,500,264,24,261
11/5/2025 18:23,DCF Meter,11/5/2025 18:23,301,98.66666666666667,0,498.3333333333333,338,96,5,96,99,0,497,301,87,8,86,98,0,498,264,75,5,74,99,0,500,258,18,256
11/5/2025 18:24,DCF Meter,11/5/2025 18:24,340,98.33333333333333,0,498.3333333333333,377,107,12,106,99,0,497,340,98,15,97,98,0,498,303,86,13,85,98,0,500,291,40,288
11/5/2025 18:25,DCF Meter,11/5/2025 18:25,304.6666666666667,98.33333333333333,0,498.3333333333333,347,99,5,98,99,0,497,307,89,11,87,98,0,498,260,74,6,73,98,0,500,262,22,258
11/5/2025 18:26,DCF Meter,11/5/2025 18:26,297.3333333333333,98.66666666666667,0,498.3333333333333,337,96,2,95,99,0,497,300,87,7,86,98,0,498,255,73,3,72,99,0,500,256,12,253
11/5/2025 18:27,DCF Meter,11/5/2025 18:27,337.3333333333333,98.33333333333333,0,498.3333333333333,379,108,10,107,99,0,497,338,98,16,96,98,0,498,295,84,12,83,98,0,500,290,38,286
11/5/2025 18:28,DCF Meter,11/5/2025 18:28,299,98.33333333333333,0,498.3333333333333,341,97,3,96,99,0,497,301,87,10,86,98,0,498,255,73,5,72,98,0,500,257,18,254
11/5/2025 18:29,DCF Meter,11/5/2025 18:29,298,98.66666666666667,0,498.3333333333333,339,96,3,96,99,0,497,299,87,8,86,98,0,498,256,73,4,72,99,0,500,256,15,254
11/5/2025 18:30,DCF Meter,11/5/2025 18:30,332.3333333333333,98.33333333333333,0,498.3333333333333,370,105,6,105,99,0,497,338,98,13,96,98,0,498,289,82,10,81,98,0,500,285,29,282
11/5/2025 18:31,DCF Meter,11/5/2025 18:31,296.3333333333333,98.66666666666667,0,498.6666666666667,335,95,0,95,99,0,498,302,88,6,87,98,0,498,252,72,3,71,99,0,500,255,9,253
11/5/2025 18:32,DCF Meter,11/5/2025 18:32,351.6666666666667,97.66666666666667,0,498,386,110,11,109,99,0,497,361,105,18,102,97,0,498,308,88,15,86,97,0,499,303,44,297
11/5/2025 18:33,DCF Meter,11/5/2025 18:33,330.3333333333333,97.66666666666667,0,498.3333333333333,367,104,10,103,99,0,497,337,98,18,95,97,0,498,287,82,15,80,97,0,500,284,43,278
11/5/2025 18:34,DCF Meter,11/5/2025 18:34,311.3333333333333,98.33333333333333,0,499,351,100,2,99,99,0,498,317,92,11,91,98,0,499,266,76,7,75,98,0,500,268,20,265
11/5/2025 18:35,DCF Meter,11/5/2025 18:35,334.6666666666667,98.33333333333333,0,498.3333333333333,372,106,8,105,99,0,497,338,98,14,96,98,0,498,294,84,12,82,98,0,500,288,34,283
11/5/2025 18:36,DCF Meter,11/5/2025 18:36,319.3333333333333,98,0,498.3333333333333,359,102,10,101,99,0,497,320,93,16,91,97,0,498,279,79,13,78,98,0,500,274,39,270
11/5/2025 18:37,DCF Meter,11/5/2025 18:37,450,98.66666666666667,0,498.3333333333333,494,140,7,140,99,0,497,450,130,15,129,98,0,498,406,116,10,115,99,0,500,386,32,384
11/5/2025 18:38,DCF Meter,11/5/2025 18:38,349.3333333333333,98,0,498.3333333333333,391,111,12,110,99,0,497,348,101,18,99,97,0,498,309,88,14,86,98,0,500,300,44,295
11/5/2025 18:39,DCF Meter,11/5/2025 18:39,314.6666666666667,99,0,499.3333333333333,354,101,2,100,99,0,498,315,92,7,91,99,0,499,275,78,5,78,99,0,501,271,14,269
11/5/2025 18:40,DCF Meter,11/5/2025 18:40,311.6666666666667,98.66666666666667,0,499,352,100,3,100,99,0,498,311,90,8,89,98,0,499,272,78,5,77,99,0,500,268,16,266
11/5/2025 18:41,DCF Meter,11/5/2025 18:41,346,98.33333333333333,0,498.3333333333333,387,110,6,109,99,0,497,346,100,14,99,98,0,498,305,87,11,86,98,0,500,297,31,294
11/5/2025 18:42,DCF Meter,11/5/2025 18:42,307.3333333333333,98.66666666666667,0,499.3333333333333,350,100,0,99,99,0,498,309,90,7,89,98,0,499,263,75,3,74,99,0,501,265,10,262
11/5/2025 18:43,DCF Meter,11/5/2025 18:43,347,98.33333333333333,0,498.3333333333333,386,110,8,109,99,0,497,347,100,13,99,98,0,498,308,88,12,86,98,0,500,298,33,294
11/5/2025 18:44,DCF Meter,11/5/2025 18:44,333.3333333333333,98.33333333333333,0,498.3333333333333,374,106,7,106,99,0,497,331,96,13,94,98,0,498,295,84,11,83,98,0,500,286,31,283
11/5/2025 18:45,DCF Meter,11/5/2025 18:45,302.6666666666667,98.66666666666667,0,499.3333333333333,348,99,2,98,99,0,498,299,87,8,86,98,0,499,261,74,4,74,99,0,501,260,14,258
11/5/2025 18:46,DCF Meter,11/5/2025 18:46,344.6666666666667,98.33333333333333,0,498.3333333333333,385,109,9,109,99,0,497,341,99,14,97,98,0,498,308,88,11,87,98,0,500,296,34,293
11/5/2025 18:47,DCF Meter,11/5/2025 18:47,301,98.66666666666667,0,499.3333333333333,343,98,2,97,99,0,498,296,86,7,85,98,0,499,264,75,4,75,99,0,501,259,13,257
11/5/2025 18:48,DCF Meter,11/5/2025 18:48,327.3333333333333,98.33333333333333,0,499,362,103,5,102,99,0,498,328,95,10,94,98,0,499,292,83,8,82,98,0,500,281,23,278
11/5/2025 18:49,DCF Meter,11/5/2025 18:49,362.6666666666667,97.33333333333333,0,498.3333333333333,400,114,16,112,98,0,497,360,104,21,102,97,0,498,328,93,19,91,97,0,500,311,56,305
11/5/2025 18:50,DCF Meter,11/5/2025 18:50,313.6666666666667,98,0,498.3333333333333,358,102,9,101,99,0,497,308,89,15,87,97,0,498,275,78,10,77,98,0,500,269,34,265
11/5/2025 18:51,DCF Meter,11/5/2025 18:51,332,98.33333333333333,0,499,370,105,9,104,99,0,498,326,94,12,93,98,0,499,300,85,10,84,98,0,500,284,31,281
11/5/2025 18:52,DCF Meter,11/5/2025 18:52,339.6666666666667,98.33333333333333,0,499.3333333333333,374,107,8,106,99,0,498,333,97,11,95,98,0,499,312,89,11,88,98,0,501,293,30,289
11/5/2025 18:53,DCF Meter,11/5/2025 18:53,285.3333333333333,99,0,499.6666666666667,327,93,0,93,99,0,498,277,80,3,80,99,0,500,252,72,1,71,99,0,501,245,4,244
11/5/2025 18:54,DCF Meter,11/5/2025 18:54,341.6666666666667,98.66666666666667,0,499,374,106,8,106,99,0,498,335,97,9,96,99,0,499,316,90,11,89,98,0,500,293,28,291
11/5/2025 18:55,DCF Meter,11/5/2025 18:55,331,98.33333333333333,0,499.3333333333333,365,104,9,103,99,0,498,330,96,13,94,98,0,499,298,85,12,83,98,0,501,285,34,280
11/5/2025 18:56,DCF Meter,11/5/2025 18:56,318.6666666666667,98.66666666666667,0,499.3333333333333,354,101,5,100,99,0,498,313,91,5,90,99,0,499,289,83,7,82,98,0,501,275,17,272
11/5/2025 18:57,DCF Meter,11/5/2025 18:57,359.3333333333333,98.33333333333333,0,498.6666666666667,394,112,10,111,99,0,497,357,104,13,102,98,0,499,327,93,13,92,98,0,500,309,36,305
11/5/2025 18:58,DCF Meter,11/5/2025 18:58,342.3333333333333,98.33333333333333,0,498.3333333333333,375,107,10,106,99,0,497,339,98,11,97,98,0,498,313,89,13,88,98,0,500,294,34,291
11/5/2025 18:59,DCF Meter,11/5/2025 18:59,327.6666666666667,99,0,498.3333333333333,362,103,3,102,99,0,497,327,95,6,94,99,0,498,294,84,7,83,99,0,500,282,16,279
11/5/2025 19:00,DCF Meter,11/5/2025 19:00,373.6666666666667,98.66666666666667,0,497.6666666666667,404,115,11,114,99,0,496,372,108,11,106,99,0,498,345,98,15,96,98,0,499,321,37,316
11/5/2025 19:01,DCF Meter,11/5/2025 19:01,318.3333333333333,98.66666666666667,0,498.3333333333333,363,103,3,103,99,0,497,314,91,7,90,98,0,498,278,79,4,79,99,0,500,273,14,272
11/5/2025 19:02,DCF Meter,11/5/2025 19:02,315,99,0,498.3333333333333,347,99,2,98,99,0,497,315,91,3,90,99,0,498,283,81,5,80,99,0,500,271,10,268
11/5/2025 19:03,DCF Meter,11/5/2025 19:03,333.3333333333333,98.33333333333333,0,498,373,106,9,105,99,0,496,334,97,14,95,98,0,498,293,84,12,82,98,0,500,287,35,282
11/5/2025 19:04,DCF Meter,11/5/2025 19:04,332,98.33333333333333,0,498.3333333333333,377,107,6,106,99,0,497,329,95,11,94,98,0,498,290,82,7,82,98,0,500,284,24,282
11/5/2025 19:05,DCF Meter,11/5/2025 19:05,345.6666666666667,97.33333333333333,0,497.3333333333333,388,110,15,109,98,0,496,346,100,21,97,97,0,497,303,86,17,84,97,0,499,296,53,290
11/5/2025 19:06,DCF Meter,11/5/2025 19:06,392.6666666666667,98.33333333333333,0,497.6666666666667,428,122,9,121,99,0,496,395,114,12,113,98,0,498,355,101,13,100,98,0,499,337,34,334
11/5/2025 19:07,DCF Meter,11/5/2025 19:07,342,99,0,498.3333333333333,384,109,2,109,99,0,497,342,99,7,98,99,0,498,300,86,4,85,99,0,500,294,13,292
11/5/2025 19:08,DCF Meter,11/5/2025 19:08,341,98.33333333333333,0,498.3333333333333,378,107,6,107,99,0,497,343,99,10,98,98,0,498,302,86,10,85,98,0,500,292,26,290
11/5/2025 19:09,DCF Meter,11/5/2025 19:09,369.6666666666667,99,0,498.3333333333333,406,116,0,115,99,0,497,371,108,2,107,99,0,498,332,95,2,94,99,0,500,319,4,316
11/5/2025 19:10,DCF Meter,11/5/2025 19:10,310.3333333333333,99,0,498.6666666666667,345,98,2,98,99,0,498,318,92,2,92,99,0,498,268,76,3,76,99,0,500,266,7,266
11/5/2025 19:11,DCF Meter,11/5/2025 19:11,357.6666666666667,98.66666666666667,0,498.3333333333333,389,111,5,110,99,0,497,366,106,9,105,99,0,498,318,90,11,89,98,0,500,307,25,304
11/5/2025 19:12,DCF Meter,11/5/2025 19:12,302,99,0,499,336,96,1,95,99,0,498,311,90,2,90,99,0,498,259,74,3,73,99,0,501,260,6,258
11/5/2025 19:13,DCF Meter,11/5/2025 19:13,421.3333333333333,99,0,498.3333333333333,453,129,3,128,99,0,497,431,125,13,124,99,0,498,380,108,12,107,99,0,500,362,28,359
11/5/2025 19:14,DCF Meter,11/5/2025 19:14,381.3333333333333,98.66666666666667,0,498.3333333333333,416,118,3,118,99,0,497,389,113,9,112,99,0,498,339,97,11,95,98,0,500,328,23,325
11/5/2025 19:15,DCF Meter,11/5/2025 19:15,386,99,0,498.3333333333333,420,120,0,119,99,0,497,393,114,4,113,99,0,498,345,98,6,98,99,0,500,332,10,330
11/5/2025 19:16,DCF Meter,11/5/2025 19:16,354.6666666666667,98.66666666666667,0,498.3333333333333,390,111,6,110,99,0,497,356,103,10,102,99,0,498,318,91,11,90,98,0,500,305,27,302
11/5/2025 19:17,DCF Meter,11/5/2025 19:17,320,99,0,498.6666666666667,356,101,0,101,99,0,497,324,94,4,93,99,0,499,280,80,4,79,99,0,500,275,8,273
11/5/2025 19:18,DCF Meter,11/5/2025 19:18,308,99,0,499,347,99,0,98,99,0,497,309,90,3,89,99,0,499,268,76,3,76,99,0,501,265,6,263
11/5/2025 19:19,DCF Meter,11/5/2025 19:19,346.6666666666667,98.33333333333333,0,498,379,108,7,107,99,0,496,351,102,10,100,98,0,498,310,88,11,87,98,0,500,298,28,294
11/5/2025 19:20,DCF Meter,11/5/2025 19:20,313,99,0,498.6666666666667,345,98,0,98,99,0,497,318,92,1,91,99,0,499,276,79,4,78,99,0,500,269,5,267
11/5/2025 19:22,DCF Meter,11/5/2025 19:22,312.6666666666667,98.33333333333333,0,498.3333333333333,352,100,7,99,99,0,497,313,91,12,89,98,0,498,273,78,10,77,98,0,500,269,29,265
11/5/2025 19:23,DCF Meter,11/5/2025 19:23,407.3333333333333,98.66666666666667,0,498,434,124,7,123,99,0,496,415,120,11,119,99,0,498,373,106,14,105,98,0,500,350,32,347
11/5/2025 19:24,DCF Meter,11/5/2025 19:24,319.3333333333333,98.66666666666667,0,498.3333333333333,348,99,5,98,99,0,497,325,94,7,93,99,0,498,285,81,9,80,98,0,500,274,21,271
11/5/2025 19:25,DCF Meter,11/5/2025 19:25,299.6666666666667,99,0,499.3333333333333,330,94,1,94,99,0,498,307,89,2,88,99,0,499,262,75,3,74,99,0,501,258,6,256
11/5/2025 19:26,DCF Meter,11/5/2025 19:26,393.6666666666667,98.33333333333333,0,498,430,122,10,121,99,0,497,394,114,14,113,98,0,498,357,102,13,100,98,0,499,338,37,334
11/5/2025 19:27,DCF Meter,11/5/2025 19:27,296.6666666666667,98.33333333333333,0,498.3333333333333,337,96,4,95,99,0,497,297,86,8,85,98,0,498,256,73,6,72,98,0,500,255,18,252
11/5/2025 19:28,DCF Meter,11/5/2025 19:28,343.6666666666667,98.33333333333333,0,498.3333333333333,381,108,7,108,99,0,497,345,100,12,98,98,0,498,305,87,10,86,98,0,500,295,29,292
11/5/2025 19:29,DCF Meter,11/5/2025 19:29,402,98.33333333333333,0,498,436,124,11,123,99,0,496,402,116,13,115,98,0,498,368,105,14,103,98,0,500,345,38,341
11/5/2025 19:30,DCF Meter,11/5/2025 19:30,289.6666666666667,98.33333333333333,0,498.3333333333333,326,93,4,92,99,0,497,291,84,8,83,98,0,498,252,72,6,71,98,0,500,249,18,246
11/5/2025 19:31,DCF Meter,11/5/2025 19:31,329.3333333333333,98.33333333333333,0,498.3333333333333,362,103,10,102,99,0,497,333,96,14,95,98,0,498,293,83,14,82,98,0,500,282,38,279
11/5/2025 19:32,DCF Meter,11/5/2025 19:32,298.6666666666667,98.33333333333333,0,498.3333333333333,334,95,6,94,99,0,497,303,88,10,86,98,0,498,259,74,9,73,98,0,500,257,25,253
11/5/2025 19:33,DCF Meter,11/5/2025 19:33,279.3333333333333,99,0,499.3333333333333,316,90,0,89,99,0,498,283,82,4,81,99,0,499,239,68,2,67,99,0,501,240,6,237
11/5/2025 19:34,DCF Meter,11/5/2025 19:34,313.6666666666667,98.33333333333333,0,498.3333333333333,348,99,7,98,99,0,497,316,92,10,90,98,0,498,277,79,9,78,98,0,500,270,26,266
11/5/2025 19:35,DCF Meter,11/5/2025 19:35,377.6666666666667,99,0,498.3333333333333,413,117,5,117,99,0,497,380,110,10,109,99,0,498,340,97,8,96,99,0,500,324,23,322
11/5/2025 19:36,DCF Meter,11/5/2025 19:36,273,98.66666666666667,0,499,312,89,0,88,99,0,497,273,79,3,78,98,0,499,234,67,1,66,99,0,501,235,4,232
11/5/2025 19:37,DCF Meter,11/5/2025 19:37,353,98.66666666666667,0,498.3333333333333,392,111,6,111,99,0,497,352,102,11,101,98,0,498,315,90,7,89,99,0,500,303,24,301
11/5/2025 19:38,DCF Meter,11/5/2025 19:38,274.6666666666667,98.66666666666667,0,498.6666666666667,312,89,0,88,99,0,497,274,80,4,79,98,0,499,238,68,0,67,99,0,500,237,4,234
11/5/2025 19:39,DCF Meter,11/5/2025 19:39,344.6666666666667,99,0,498.3333333333333,385,109,6,109,99,0,497,343,99,9,98,99,0,498,306,87,4,86,99,0,500,295,19,293
11/5/2025 19:40,DCF Meter,11/5/2025 19:40,400.6666666666667,98,0,497.6666666666667,439,125,13,123,99,0,496,401,116,21,114,97,0,498,362,103,16,101,98,0,499,344,50,338
11/5/2025 19:41,DCF Meter,11/5/2025 19:41,313,97.66666666666667,0,498.3333333333333,351,100,11,99,98,0,497,312,90,16,88,97,0,498,276,79,12,77,98,0,500,269,39,264
11/5/2025 19:42,DCF Meter,11/5/2025 19:42,372.3333333333333,97.66666666666667,0,497.6666666666667,405,115,16,113,98,0,496,373,108,19,106,98,0,498,339,97,18,94,97,0,499,320,53,313
11/5/2025 19:43,DCF Meter,11/5/2025 19:43,356.6666666666667,97.33333333333333,0,497.6666666666667,391,111,15,110,98,0,496,358,104,20,101,97,0,498,321,91,18,89,97,0,499,306,53,300
11/5/2025 19:44,DCF Meter,11/5/2025 19:44,353.3333333333333,98.33333333333333,0,498.3333333333333,392,112,6,111,99,0,497,353,102,12,101,98,0,498,315,90,10,89,98,0,500,304,28,301
11/5/2025 19:45,DCF Meter,11/5/2025 19:45,406.3333333333333,98.33333333333333,0,497.6666666666667,442,126,11,125,99,0,496,406,118,16,116,98,0,498,371,106,15,104,98,0,499,350,42,345
11/5/2025 19:46,DCF Meter,11/5/2025 19:46,320,98,0,498.3333333333333,356,101,10,100,99,0,497,320,93,15,91,98,0,498,284,81,13,79,97,0,500,275,38,270
11/5/2025 19:47,DCF Meter,11/5/2025 19:47,302.6666666666667,98.33333333333333,0,498.6666666666667,340,97,5,96,99,0,497,302,88,9,86,98,0,499,266,76,7,75,98,0,500,261,21,257
11/5/2025 19:48,DCF Meter,11/5/2025 19:48,341.3333333333333,98,0,498.3333333333333,375,107,10,106,99,0,497,347,101,16,99,98,0,498,302,86,15,84,97,0,500,294,41,289
11/5/2025 19:49,DCF Meter,11/5/2025 19:49,320.6666666666667,97.33333333333333,0,498.3333333333333,357,101,10,100,98,0,497,323,93,16,91,97,0,498,282,80,15,78,97,0,500,274,41,269
11/5/2025 19:50,DCF Meter,11/5/2025 19:50,313,98.33333333333333,0,498.6666666666667,350,100,6,99,99,0,497,317,92,13,90,98,0,499,272,77,11,76,98,0,500,269,30,265
11/5/2025 19:51,DCF Meter,11/5/2025 19:51,352.3333333333333,97.66666666666667,0,498.3333333333333,389,110,12,109,99,0,497,356,103,19,101,97,0,498,312,89,17,87,97,0,500,302,48,297
11/5/2025 19:52,DCF Meter,11/5/2025 19:52,304,98.33333333333333,0,499,341,97,3,97,99,0,497,308,89,10,88,98,0,499,263,75,8,74,98,0,501,261,21,259
11/5/2025 19:53,DCF Meter,11/5/2025 19:53,373.6666666666667,98.33333333333333,0,498.6666666666667,412,117,6,116,99,0,497,375,109,13,107,98,0,499,334,95,11,94,98,0,500,321,30,317
11/5/2025 19:54,DCF Meter,11/5/2025 19:54,385.3333333333333,98.33333333333333,0,498.3333333333333,424,120,9,120,99,0,497,387,112,17,110,98,0,498,345,98,13,97,98,0,500,330,39,327
11/5/2025 19:55,DCF Meter,11/5/2025 19:55,365.3333333333333,99,0,498.6666666666667,402,114,5,114,99,0,497,361,105,7,104,99,0,499,333,95,5,94,99,0,500,314,17,312
11/5/2025 19:56,DCF Meter,11/5/2025 19:56,390.6666666666667,98.33333333333333,0,498.3333333333333,428,121,10,121,99,0,497,389,113,13,111,98,0,499,355,101,15,100,98,0,499,335,38,332
11/5/2025 19:57,DCF Meter,11/5/2025 19:57,314,98.33333333333333,0,498.6666666666667,349,99,8,98,99,0,497,312,90,11,89,98,0,499,281,80,10,79,98,0,500,269,29,266
11/5/2025 19:58,DCF Meter,11/5/2025 19:58,374,98.66666666666667,0,498.6666666666667,414,118,5,117,99,0,497,374,109,13,107,98,0,499,334,95,9,94,99,0,500,322,27,318
11/5/2025 19:59,DCF Meter,11/5/2025 19:59,368,97,0,498,401,114,16,112,98,0,497,373,108,21,105,97,0,498,330,94,21,91,96,0,499,316,58,308
11/5/2025 20:00,DCF Meter,11/5/2025 20:00,312,97.66666666666667,0,498.6666666666667,350,100,9,99,99,0,497,318,92,15,90,97,0,499,268,76,13,75,97,0,500,268,37,264
11/5/2025 20:01,DCF Meter,11/5/2025 20:01,374.3333333333333,98.33333333333333,0,498.6666666666667,413,117,7,117,99,0,497,376,109,11,108,98,0,499,334,95,10,94,98,0,500,321,28,319
11/5/2025 20:02,DCF Meter,11/5/2025 20:02,346.3333333333333,97.66666666666667,0,498.3333333333333,386,110,12,108,99,0,497,348,101,18,99,97,0,498,305,87,16,85,97,0,500,298,46,292
11/5/2025 20:03,DCF Meter,11/5/2025 20:03,305.6666666666667,98.33333333333333,0,499,344,98,5,97,99,0,497,306,89,9,88,98,0,499,267,76,8,75,98,0,501,263,22,260
11/5/2025 20:04,DCF Meter,11/5/2025 20:04,405,98.33333333333333,0,498.3333333333333,438,125,11,124,99,0,497,408,118,19,116,98,0,498,369,105,17,103,98,0,500,348,47,343
11/5/2025 20:05,DCF Meter,11/5/2025 20:05,325,97.66666666666667,0,498.6666666666667,359,102,12,101,98,0,497,323,94,14,92,98,0,499,293,84,15,82,97,0,500,280,41,275
11/5/2025 20:06,DCF Meter,11/5/2025 20:06,358.3333333333333,98.66666666666667,0,499.3333333333333,393,112,6,111,99,0,498,357,104,9,102,99,0,499,325,93,9,92,98,0,501,309,24,305
11/5/2025 20:07,DCF Meter,11/5/2025 20:07,404,98.33333333333333,0,498.3333333333333,439,125,15,124,99,0,497,400,116,16,114,98,0,498,373,106,16,105,98,0,500,347,47,343
11/5/2025 20:08,DCF Meter,11/5/2025 20:08,321.6666666666667,97.66666666666667,0,499,356,101,12,100,98,0,497,321,93,14,91,98,0,499,288,82,15,80,97,0,501,276,41,271
11/5/2025 20:09,DCF Meter,11/5/2025 20:09,332,98.33333333333333,0,499.3333333333333,371,106,5,105,99,0,498,334,97,10,96,98,0,499,291,83,9,82,98,0,501,286,24,283
11/5/2025 20:10,DCF Meter,11/5/2025 20:10,339.6666666666667,97.33333333333333,0,498.3333333333333,377,107,13,106,98,0,497,343,99,18,97,97,0,498,299,85,17,83,97,0,500,291,48,286
11/5/2025 20:11,DCF Meter,11/5/2025 20:11,367.3333333333333,98.66666666666667,0,499,406,116,9,115,99,0,497,367,107,9,106,99,0,499,329,94,10,93,98,0,501,317,28,314
11/5/2025 20:12,DCF Meter,11/5/2025 20:12,316.6666666666667,97.33333333333333,0,498.3333333333333,353,101,12,99,98,0,497,318,92,16,90,97,0,498,279,80,15,77,97,0,500,273,43,266
11/5/2025 20:13,DCF Meter,11/5/2025 20:13,378.6666666666667,98.33333333333333,0,498.3333333333333,415,118,10,117,99,0,497,380,110,14,109,98,0,498,341,97,13,96,98,0,500,325,37,322
11/5/2025 20:14,DCF Meter,11/5/2025 20:14,321,99,0,499.3333333333333,358,102,4,101,99,0,498,317,92,5,91,99,0,499,288,82,5,82,99,0,501,276,14,274
11/5/2025 20:15,DCF Meter,11/5/2025 20:15,336.3333333333333,99,0,499.3333333333333,373,106,3,106,99,0,498,333,97,6,96,99,0,499,303,87,5,86,99,0,501,290,14,288
11/5/2025 20:16,DCF Meter,11/5/2025 20:16,380.6666666666667,98.33333333333333,0,498.6666666666667,417,118,11,117,99,0,497,375,109,12,108,98,0,499,350,100,12,99,98,0,500,327,35,324
11/5/2025 20:17,DCF Meter,11/5/2025 20:17,302.3333333333333,98,0,498.6666666666667,338,96,10,95,98,0,497,298,87,11,85,98,0,499,271,77,11,76,98,0,500,260,32,256
11/5/2025 20:18,DCF Meter,11/5/2025 20:18,291,98.33333333333333,0,499.6666666666667,326,93,4,92,99,0,498,288,84,5,83,98,0,500,259,74,6,73,98,0,501,251,15,248
11/5/2025 20:19,DCF Meter,11/5/2025 20:19,292,98.33333333333333,0,498.6666666666667,331,94,7,93,99,0,497,292,85,11,83,98,0,499,253,72,9,71,98,0,500,251,27,247
11/5/2025 20:20,DCF Meter,11/5/2025 20:20,284.3333333333333,98.33333333333333,0,499,322,92,5,91,99,0,497,285,83,8,82,98,0,499,246,70,8,69,98,0,501,245,21,242
11/5/2025 20:21,DCF Meter,11/5/2025 20:21,282,98.33333333333333,0,499,322,91,5,91,99,0,497,284,82,9,81,98,0,499,240,68,8,67,98,0,501,241,22,239
11/5/2025 20:22,DCF Meter,11/5/2025 20:22,276.6666666666667,98.33333333333333,0,499.3333333333333,315,90,3,89,99,0,498,278,81,6,80,98,0,499,237,68,6,66,98,0,501,239,15,235
11/5/2025 20:23,DCF Meter,11/5/2025 20:23,269.6666666666667,98.33333333333333,0,499.3333333333333,308,88,2,87,99,0,498,271,79,5,78,98,0,499,230,66,5,65,98,0,501,233,12,230
11/5/2025 20:24,DCF Meter,11/5/2025 20:24,267.6666666666667,98.33333333333333,0,499,305,87,2,86,99,0,497,268,78,5,77,98,0,499,230,66,5,65,98,0,501,231,12,228
11/5/2025 20:25,DCF Meter,11/5/2025 20:25,267,98.33333333333333,0,499.3333333333333,305,87,1,86,99,0,498,269,78,5,77,98,0,499,227,65,5,64,98,0,501,230,11,227
11/5/2025 20:26,DCF Meter,11/5/2025 20:26,268.3333333333333,98.33333333333333,0,499.6666666666667,306,87,1,86,99,0,498,271,79,5,78,98,0,500,228,65,5,64,98,0,501,231,11,228
11/5/2025 20:27,DCF Meter,11/5/2025 20:27,272,98.33333333333333,0,499.3333333333333,309,88,2,87,99,0,498,275,80,6,79,98,0,499,232,66,6,65,98,0,501,234,14,231
11/5/2025 20:28,DCF Meter,11/5/2025 20:28,283,98.33333333333333,0,498.6666666666667,323,92,6,91,99,0,497,283,82,10,81,98,0,499,243,69,10,68,98,0,500,243,26,240
11/5/2025 20:29,DCF Meter,11/5/2025 20:29,283.3333333333333,98.33333333333333,0,499,324,92,6,91,99,0,498,283,82,11,81,98,0,499,243,69,10,68,98,0,500,243,27,240
11/5/2025 20:30,DCF Meter,11/5/2025 20:30,295,97.33333333333333,0,498.6666666666667,333,95,10,94,98,0,497,297,86,14,84,97,0,499,255,73,14,71,97,0,500,254,38,249
11/5/2025 20:31,DCF Meter,11/5/2025 20:31,331.6666666666667,96.33333333333333,0,498.6666666666667,370,105,19,103,97,0,497,329,95,21,92,96,0,499,296,84,20,81,96,0,500,284,60,276
11/5/2025 20:32,DCF Meter,11/5/2025 20:32,304,97.66666666666667,0,498.6666666666667,342,97,13,96,98,0,497,298,86,13,85,98,0,499,272,78,13,76,97,0,500,261,39,257
11/5/2025 20:33,DCF Meter,11/5/2025 20:33,305,97.66666666666667,0,499,344,98,13,96,98,0,497,299,87,13,85,98,0,499,272,78,13,76,97,0,501,263,39,257
11/5/2025 20:34,DCF Meter,11/5/2025 20:34,297.3333333333333,98,0,499.6666666666667,332,95,9,93,98,0,498,294,85,9,84,98,0,500,266,76,10,75,98,0,501,256,28,252
11/5/2025 20:35,DCF Meter,11/5/2025 20:35,306.3333333333333,98.33333333333333,0,499.6666666666667,340,97,8,96,99,0,498,307,89,8,88,98,0,500,272,78,9,76,98,0,501,264,25,260
11/5/2025 20:36,DCF Meter,11/5/2025 20:36,302.6666666666667,98.33333333333333,0,499.6666666666667,337,96,8,95,99,0,498,303,88,8,87,98,0,500,268,77,9,75,98,0,501,261,25,257
11/5/2025 20:37,DCF Meter,11/5/2025 20:37,304,98.33333333333333,0,499.3333333333333,339,97,8,96,99,0,498,302,88,8,87,98,0,499,271,77,9,76,98,0,501,262,25,259
11/5/2025 20:38,DCF Meter,11/5/2025 20:38,306.3333333333333,98.33333333333333,0,499.6666666666667,341,97,8,96,99,0,498,307,89,9,88,98,0,500,271,78,9,76,98,0,501,264,26,260
11/5/2025 20:39,DCF Meter,11/5/2025 20:39,286.6666666666667,98.33333333333333,0,499.6666666666667,325,93,2,92,99,0,498,289,84,5,83,98,0,500,246,70,4,69,98,0,501,247,11,244
11/5/2025 20:40,DCF Meter,11/5/2025 20:40,282.3333333333333,98.33333333333333,0,499.6666666666667,320,91,1,91,99,0,498,286,83,5,82,98,0,500,241,69,3,68,98,0,501,243,9,241
11/5/2025 20:41,DCF Meter,11/5/2025 20:41,285.6666666666667,98.33333333333333,0,499.6666666666667,322,92,1,91,99,0,498,292,85,5,84,98,0,500,243,70,4,69,98,0,501,247,10,244
11/5/2025 20:42,DCF Meter,11/5/2025 20:42,284,98.33333333333333,0,499.6666666666667,322,92,2,91,99,0,498,286,83,6,82,98,0,500,244,70,4,69,98,0,501,245,12,242
11/5/2025 20:43,DCF Meter,11/5/2025 20:43,282.6666666666667,98.33333333333333,0,499.6666666666667,319,91,2,90,99,0,498,286,83,5,82,98,0,500,243,70,4,69,98,0,501,244,11,241
11/5/2025 20:44,DCF Meter,11/5/2025 20:44,288,98.33333333333333,0,499.6666666666667,325,93,2,92,99,0,498,292,85,6,84,98,0,500,247,71,4,70,98,0,501,249,12,246
11/5/2025 20:45,DCF Meter,11/5/2025 20:45,329.3333333333333,98.33333333333333,0,499,367,104,10,103,99,0,497,331,96,13,95,98,0,499,290,83,12,81,98,0,501,283,35,279
11/5/2025 20:46,DCF Meter,11/5/2025 20:46,288.3333333333333,98.33333333333333,0,500,326,93,3,92,99,0,499,291,85,6,84,98,0,500,248,71,5,70,98,0,501,249,14,246
11/5/2025 20:47,DCF Meter,11/5/2025 20:47,299.6666666666667,98.33333333333333,0,499.3333333333333,337,96,7,95,99,0,498,302,88,11,86,98,0,499,260,74,9,73,98,0,501,258,27,254
11/5/2025 20:48,DCF Meter,11/5/2025 20:48,297.3333333333333,98.33333333333333,0,499.6666666666667,333,95,7,94,99,0,498,301,87,10,86,98,0,500,258,74,9,73,98,0,501,256,26,253
11/5/2025 20:49,DCF Meter,11/5/2025 20:49,295,98.33333333333333,0,499.6666666666667,331,94,6,93,99,0,498,298,87,9,85,98,0,500,256,73,8,72,98,0,501,254,23,250
11/5/2025 20:50,DCF Meter,11/5/2025 20:50,291,98.33333333333333,0,499.6666666666667,327,93,6,92,99,0,498,293,85,10,84,98,0,500,253,72,8,71,98,0,501,250,24,247
11/5/2025 20:51,DCF Meter,11/5/2025 20:51,300.6666666666667,97.33333333333333,0,499.6666666666667,336,96,10,95,98,0,498,303,88,15,86,97,0,500,263,75,13,73,97,0,501,259,38,254
11/5/2025 20:52,DCF Meter,11/5/2025 20:52,351.3333333333333,98.33333333333333,0,499.6666666666667,389,111,9,110,99,0,498,353,103,14,101,98,0,500,312,89,13,88,98,0,501,303,36,299
11/5/2025 20:53,DCF Meter,11/5/2025 20:53,344,98.33333333333333,0,499.6666666666667,381,108,10,107,99,0,498,344,100,14,98,98,0,500,307,88,12,86,98,0,501,296,36,291
11/5/2025 20:54,DCF Meter,11/5/2025 20:54,325.6666666666667,98.33333333333333,0,499.6666666666667,362,103,7,103,99,0,498,330,96,12,95,98,0,500,285,82,10,80,98,0,501,281,29,278
11/5/2025 20:55,DCF Meter,11/5/2025 20:55,329.3333333333333,99,0,500.6666666666667,367,105,3,104,99,0,499,330,96,6,95,99,0,501,291,83,5,83,99,0,502,284,14,282
11/5/2025 20:56,DCF Meter,11/5/2025 20:56,289.6666666666667,98.33333333333333,0,500,327,93,2,93,99,0,498,291,85,6,84,98,0,500,251,72,5,71,98,0,502,250,13,248
11/5/2025 20:57,DCF Meter,11/5/2025 20:57,370,98.33333333333333,0,499.6666666666667,404,115,10,114,99,0,498,373,108,13,107,98,0,500,333,95,14,94,98,0,501,318,37,315
11/5/2025 20:58,DCF Meter,11/5/2025 20:58,313.6666666666667,98.33333333333333,0,500,350,100,5,99,99,0,499,314,91,6,90,98,0,500,277,79,6,78,98,0,501,270,17,267
11/5/2025 20:59,DCF Meter,11/5/2025 20:59,270,98.33333333333333,0,500.6666666666667,308,88,4,87,99,0,499,270,79,7,77,98,0,501,232,66,7,65,98,0,502,233,18,229
11/5/2025 21:00,DCF Meter,11/5/2025 21:00,270,98.33333333333333,0,499.6666666666667,310,88,4,88,99,0,498,269,78,8,77,98,0,500,231,66,7,65,98,0,501,232,19,230
11/5/2025 21:01,DCF Meter,11/5/2025 21:01,354.6666666666667,98.66666666666667,0,499.6666666666667,390,111,3,111,99,0,498,359,105,6,104,99,0,500,315,90,12,89,98,0,501,306,21,304
11/5/2025 21:02,DCF Meter,11/5/2025 21:02,267.6666666666667,98.33333333333333,0,500.3333333333333,306,87,2,87,99,0,499,273,80,9,78,98,0,500,224,64,8,63,98,0,502,231,19,228
11/5/2025 21:03,DCF Meter,11/5/2025 21:03,275.3333333333333,98.33333333333333,0,500.3333333333333,315,90,2,89,99,0,499,283,82,10,81,98,0,500,228,65,8,64,98,0,502,237,20,234
11/5/2025 21:04,DCF Meter,11/5/2025 21:04,267.6666666666667,98.33333333333333,0,500.3333333333333,307,87,0,87,99,0,499,274,80,7,79,98,0,500,222,64,6,62,98,0,502,231,13,228
11/5/2025 21:05,DCF Meter,11/5/2025 21:05,270.6666666666667,98.33333333333333,0,500.6666666666667,308,88,0,87,99,0,499,279,81,7,80,98,0,501,225,64,7,63,98,0,502,233,14,230
11/5/2025 21:06,DCF Meter,11/5/2025 21:06,267,98.33333333333333,0,500.6666666666667,307,87,1,87,99,0,499,271,79,7,78,98,0,501,223,64,5,63,98,0,502,230,13,228
11/5/2025 21:07,DCF Meter,11/5/2025 21:07,356.6666666666667,98.33333333333333,0,500,396,113,5,112,99,0,499,361,105,11,104,98,0,500,313,90,10,88,98,0,501,308,26,304
11/5/2025 21:08,DCF Meter,11/5/2025 21:08,291.6666666666667,97.66666666666667,0,499.6666666666667,331,94,9,93,99,0,498,298,87,15,84,97,0,500,246,70,13,68,97,0,501,251,37,245
11/5/2025 21:09,DCF Meter,11/5/2025 21:09,297.3333333333333,97.66666666666667,0,499.6666666666667,338,96,9,95,99,0,498,303,88,16,86,97,0,500,251,72,13,70,97,0,501,256,38,251
11/5/2025 21:10,DCF Meter,11/5/2025 21:10,295.3333333333333,98,0,499.6666666666667,334,95,9,94,99,0,498,297,86,13,85,98,0,500,255,73,12,71,97,0,501,254,34,250
11/5/2025 21:11,DCF Meter,11/5/2025 21:11,312.3333333333333,97,0,499.6666666666667,349,99,15,98,98,0,498,311,90,17,88,97,0,500,277,79,17,76,96,0,501,268,49,262
11/5/2025 21:12,DCF Meter,11/5/2025 21:12,280.3333333333333,98.33333333333333,0,500.3333333333333,317,90,5,90,99,0,499,280,82,6,80,98,0,500,244,70,7,69,98,0,502,242,18,239
11/5/2025 21:13,DCF Meter,11/5/2025 21:13,279.3333333333333,98.33333333333333,0,500.6666666666667,314,89,3,89,99,0,499,282,82,5,81,98,0,501,242,69,6,68,98,0,502,240,14,238
11/5/2025 21:14,DCF Meter,11/5/2025 21:14,273,98.33333333333333,0,500.6666666666667,311,89,2,88,99,0,499,276,80,7,79,98,0,501,232,66,6,65,98,0,502,235,15,232
11/5/2025 21:15,DCF Meter,11/5/2025 21:15,276.3333333333333,98.33333333333333,0,500.6666666666667,316,90,2,89,99,0,499,278,81,7,80,98,0,501,235,67,5,66,98,0,502,238,14,235
11/5/2025 21:16,DCF Meter,11/5/2025 21:16,291,98.33333333333333,0,499.6666666666667,334,95,2,94,99,0,498,291,85,8,84,98,0,500,248,71,5,70,98,0,501,251,15,248
11/5/2025 21:17,DCF Meter,11/5/2025 21:17,278.6666666666667,98.33333333333333,0,499.6666666666667,321,91,2,91,99,0,498,280,81,8,80,98,0,500,235,67,6,66,98,0,501,239,16,237
11/5/2025 21:18,DCF Meter,11/5/2025 21:18,317.3333333333333,98.66666666666667,0,499.6666666666667,361,103,5,102,99,0,498,316,92,8,91,98,0,500,275,78,4,78,99,0,501,273,17,271
11/5/2025 21:19,DCF Meter,11/5/2025 21:19,287,98.33333333333333,0,499.6666666666667,329,94,6,93,99,0,498,287,83,11,82,98,0,500,245,70,9,68,98,0,501,247,26,243
11/5/2025 21:20,DCF Meter,11/5/2025 21:20,281,98.33333333333333,0,499.6666666666667,323,92,5,91,99,0,498,280,81,9,80,98,0,500,240,69,8,67,98,0,501,242,22,238
11/5/2025 21:21,DCF Meter,11/5/2025 21:21,284.6666666666667,98.33333333333333,0,499.6666666666667,330,94,5,93,99,0,498,284,82,11,81,98,0,500,240,68,8,67,98,0,501,244,24,241
11/5/2025 21:22,DCF Meter,11/5/2025 21:22,284.3333333333333,98.33333333333333,0,499.6666666666667,329,94,5,93,99,0,498,283,82,11,81,98,0,500,241,69,8,67,98,0,501,245,24,241
11/5/2025 21:23,DCF Meter,11/5/2025 21:23,286.3333333333333,98.33333333333333,0,499.6666666666667,331,94,5,93,99,0,498,286,83,10,82,98,0,500,242,69,8,68,98,0,501,246,23,243
11/5/2025 21:24,DCF Meter,11/5/2025 21:24,291,98.33333333333333,0,499.6666666666667,334,95,6,94,99,0,498,293,85,12,83,98,0,500,246,70,10,69,98,0,501,250,28,246
11/5/2025 21:25,DCF Meter,11/5/2025 21:25,354,96.66666666666667,0,498.6666666666667,394,112,18,110,98,0,497,355,103,23,100,96,0,499,313,89,22,86,96,0,500,304,63,296
11/5/2025 21:26,DCF Meter,11/5/2025 21:26,318,98,0,499.6666666666667,360,102,8,102,99,0,498,321,93,14,91,98,0,500,273,78,12,76,97,0,501,273,34,269
11/5/2025 21:27,DCF Meter,11/5/2025 21:27,336.3333333333333,97.66666666666667,0,499.3333333333333,379,108,11,107,99,0,498,338,98,17,96,97,0,500,292,83,15,81,97,0,500,289,43,284
11/5/2025 21:28,DCF Meter,11/5/2025 21:28,304.6666666666667,98.33333333333333,0,499.6666666666667,345,98,5,98,99,0,498,308,90,11,88,98,0,500,261,74,9,73,98,0,501,262,25,259
11/5/2025 21:29,DCF Meter,11/5/2025 21:29,300.6666666666667,98.33333333333333,0,499.6666666666667,344,98,3,97,99,0,498,302,88,10,87,98,0,500,256,73,8,72,98,0,501,259,21,256
11/5/2025 21:30,DCF Meter,11/5/2025 21:30,291,98.33333333333333,0,499.3333333333333,335,95,1,95,99,0,498,292,85,7,84,98,0,500,246,70,4,69,98,0,500,250,12,248
11/5/2025 21:31,DCF Meter,11/5/2025 21:31,286.3333333333333,98.33333333333333,0,499.6666666666667,331,94,0,94,99,0,498,287,83,6,82,98,0,500,241,69,3,68,98,0,501,246,9,244
11/5/2025 21:32,DCF Meter,11/5/2025 21:32,286.3333333333333,98.33333333333333,0,498.3333333333333,332,94,0,94,99,0,497,287,83,6,82,98,0,499,240,68,3,68,98,0,499,245,9,244
11/5/2025 21:33,DCF Meter,11/5/2025 21:33,283.6666666666667,98.33333333333333,0,498.6666666666667,327,93,1,92,99,0,497,287,83,4,82,98,0,499,237,67,2,67,98,0,500,243,7,241
11/5/2025 21:34,DCF Meter,11/5/2025 21:34,282,98.33333333333333,0,498.3333333333333,327,93,1,92,99,0,497,285,83,5,82,98,0,499,234,67,2,66,98,0,499,243,8,240
11/5/2025 21:35,DCF Meter,11/5/2025 21:35,281,98.33333333333333,0,498.6666666666667,323,92,0,91,99,0,497,284,82,4,82,98,0,499,236,67,2,66,98,0,500,241,6,239
11/5/2025 21:36,DCF Meter,11/5/2025 21:36,299,98.33333333333333,0,498,341,97,3,96,99,0,497,303,88,9,87,98,0,498,253,72,8,71,98,0,499,257,20,254
11/5/2025 21:37,DCF Meter,11/5/2025 21:37,309.6666666666667,98.33333333333333,0,498,346,98,4,98,99,0,497,316,92,8,90,98,0,498,267,76,9,75,98,0,499,266,21,263
11/5/2025 21:38,DCF Meter,11/5/2025 21:38,309.6666666666667,98.33333333333333,0,498.3333333333333,346,98,3,98,99,0,497,317,92,8,91,98,0,499,266,76,9,75,98,0,499,266,20,264
11/5/2025 21:39,DCF Meter,11/5/2025 21:39,300.6666666666667,98.66666666666667,0,498.6666666666667,335,95,1,95,99,0,497,309,90,5,89,99,0,499,258,74,6,73,98,0,500,259,12,257
11/5/2025 21:40,DCF Meter,11/5/2025 21:40,328.3333333333333,98,0,497.6666666666667,365,104,6,103,99,0,496,337,98,13,96,98,0,498,283,80,13,79,97,0,499,282,32,278
11/5/2025 21:41,DCF Meter,11/5/2025 21:41,299,98.33333333333333,0,498.6666666666667,337,96,4,95,99,0,497,305,89,10,87,98,0,499,255,73,9,71,98,0,500,258,23,253
11/5/2025 21:42,DCF Meter,11/5/2025 21:42,284.3333333333333,98.33333333333333,0,498.6666666666667,326,93,4,92,99,0,497,284,83,9,81,98,0,499,243,69,7,68,98,0,500,245,20,241
11/5/2025 21:43,DCF Meter,11/5/2025 21:43,279.6666666666667,98.33333333333333,0,498.6666666666667,321,91,4,90,99,0,497,278,81,9,79,98,0,499,240,68,7,67,98,0,500,240,20,236
11/5/2025 21:44,DCF Meter,11/5/2025 21:44,267.3333333333333,98.33333333333333,0,499,308,87,0,87,99,0,497,269,78,5,77,98,0,500,225,64,3,63,98,0,500,229,8,227
11/5/2025 21:45,DCF Meter,11/5/2025 21:45,259.3333333333333,98.33333333333333,0,499,300,85,0,85,99,0,497,258,75,4,74,98,0,500,220,63,2,62,98,0,500,223,6,221
11/5/2025 21:46,DCF Meter,11/5/2025 21:46,260.6666666666667,98.33333333333333,0,499,301,85,0,85,99,0,497,260,75,4,74,98,0,500,221,63,2,62,98,0,500,223,6,221
11/5/2025 21:47,DCF Meter,11/5/2025 21:47,257.6666666666667,98.33333333333333,0,499,298,85,1,84,99,0,497,259,75,4,74,98,0,500,216,62,2,61,98,0,500,222,7,219
11/5/2025 21:48,DCF Meter,11/5/2025 21:48,265,98.33333333333333,0,498.6666666666667,304,86,2,86,99,0,497,267,77,7,76,98,0,499,224,64,6,63,98,0,500,227,15,225
11/5/2025 21:49,DCF Meter,11/5/2025 21:49,307,97.66666666666667,0,498,345,98,9,97,99,0,496,310,90,15,88,97,0,499,266,76,14,74,97,0,499,264,38,259
11/5/2025 21:50,DCF Meter,11/5/2025 21:50,271.3333333333333,98.33333333333333,0,498.6666666666667,312,88,4,88,99,0,497,272,79,9,78,98,0,499,230,66,7,64,98,0,500,233,20,230
11/5/2025 21:51,DCF Meter,11/5/2025 21:51,266.6666666666667,98.33333333333333,0,499,307,87,2,87,99,0,497,267,77,7,76,98,0,500,226,65,6,63,98,0,500,229,15,226
11/5/2025 21:52,DCF Meter,11/5/2025 21:52,265,98.33333333333333,0,499,304,86,1,86,99,0,497,267,77,6,76,98,0,500,224,64,5,63,98,0,500,227,12,225
11/5/2025 21:53,DCF Meter,11/5/2025 21:53,268.3333333333333,98.33333333333333,0,499.6666666666667,309,88,1,87,99,0,498,269,78,6,77,98,0,500,227,65,4,64,98,0,501,231,11,228
11/5/2025 21:54,DCF Meter,11/5/2025 21:54,270,98.33333333333333,0,498.6666666666667,312,89,3,88,99,0,497,271,79,8,77,98,0,499,227,65,6,64,98,0,500,233,17,229
11/5/2025 21:55,DCF Meter,11/5/2025 21:55,273,98.33333333333333,0,498.6666666666667,313,89,4,88,99,0,497,274,80,9,78,98,0,499,232,66,7,65,98,0,500,235,20,231
11/5/2025 21:56,DCF Meter,11/5/2025 21:56,270,98.33333333333333,0,499.3333333333333,311,88,1,88,99,0,498,272,79,6,78,98,0,500,227,65,4,64,98,0,500,232,11,230
11/5/2025 21:57,DCF Meter,11/5/2025 21:57,269.6666666666667,98.33333333333333,0,499.6666666666667,311,88,1,88,99,0,498,271,79,6,77,98,0,500,227,65,4,64,98,0,501,232,11,229
11/5/2025 21:58,DCF Meter,11/5/2025 21:58,277.6666666666667,98.33333333333333,0,499.3333333333333,318,90,5,90,99,0,498,279,81,10,80,98,0,500,236,67,8,66,98,0,500,238,23,236
11/5/2025 21:59,DCF Meter,11/5/2025 21:59,291.6666666666667,97.33333333333333,0,498.6666666666667,331,94,11,93,98,0,497,294,85,16,83,97,0,499,250,71,14,69,97,0,500,250,41,245
11/5/2025 22:00,DCF Meter,11/5/2025 22:00,289.3333333333333,97,0,498.6666666666667,329,93,11,92,98,0,497,291,85,16,82,97,0,499,248,71,14,69,96,0,500,249,41,243
11/5/2025 22:01,DCF Meter,11/5/2025 22:01,275.3333333333333,98.33333333333333,0,499,320,91,5,90,99,0,497,275,80,9,78,98,0,500,231,66,7,65,98,0,500,237,21,233
11/5/2025 22:02,DCF Meter,11/5/2025 22:02,267,98.33333333333333,0,499.3333333333333,313,89,1,88,99,0,498,266,77,6,76,98,0,500,222,63,4,62,98,0,500,229,11,226
11/5/2025 22:03,DCF Meter,11/5/2025 22:03,264.6666666666667,98.33333333333333,0,499.3333333333333,309,88,0,87,99,0,498,265,77,4,76,98,0,500,220,63,2,62,98,0,500,228,6,225
11/5/2025 22:04,DCF Meter,11/5/2025 22:04,261,98.33333333333333,0,499.6666666666667,306,87,1,86,99,0,498,261,76,3,75,98,0,500,216,62,1,61,98,0,501,225,5,222
11/5/2025 22:05,DCF Meter,11/5/2025 22:05,259.3333333333333,98.33333333333333,0,499.6666666666667,304,86,1,86,99,0,498,260,75,4,74,98,0,500,214,61,1,60,98,0,501,222,6,220
11/5/2025 22:06,DCF Meter,11/5/2025 22:06,263,98.33333333333333,0,499.6666666666667,305,87,1,86,99,0,498,265,77,3,76,98,0,500,219,62,1,62,98,0,501,226,5,224
11/5/2025 22:07,DCF Meter,11/5/2025 22:07,315.3333333333333,99,0,499.6666666666667,358,102,3,101,99,0,498,318,92,6,91,99,0,500,270,77,1,76,99,0,501,271,10,268
11/5/2025 22:08,DCF Meter,11/5/2025 22:08,281.3333333333333,98.33333333333333,0,499.6666666666667,325,92,1,92,99,0,498,283,82,4,81,98,0,500,236,67,2,67,98,0,501,241,7,240
11/5/2025 22:09,DCF Meter,11/5/2025 22:09,327.3333333333333,99,0,499.6666666666667,366,104,0,104,99,0,498,330,96,2,95,99,0,500,286,82,2,81,99,0,501,282,4,280
11/5/2025 22:10,DCF Meter,11/5/2025 22:10,367.6666666666667,99,0,499.3333333333333,406,115,5,115,99,0,498,369,107,7,106,99,0,500,328,94,8,93,99,0,500,316,20,314
11/5/2025 22:11,DCF Meter,11/5/2025 22:11,286.6666666666667,98.33333333333333,0,499.6666666666667,323,92,3,91,99,0,498,297,87,9,85,98,0,500,240,69,8,67,98,0,501,248,20,243
11/5/2025 22:12,DCF Meter,11/5/2025 22:12,287,98.33333333333333,0,499.6666666666667,323,92,3,91,99,0,498,298,87,9,85,98,0,500,240,69,9,67,98,0,501,248,21,243
11/5/2025 22:13,DCF Meter,11/5/2025 22:13,322,98.66666666666667,0,499.6666666666667,357,102,2,101,99,0,498,333,97,8,96,99,0,500,276,79,8,78,98,0,501,278,18,275
11/5/2025 22:14,DCF Meter,11/5/2025 22:14,360,99,0,499.3333333333333,392,111,2,111,99,0,498,367,107,6,106,99,0,500,321,92,8,91,99,0,500,310,16,308
11/5/2025 22:15,DCF Meter,11/5/2025 22:15,341.3333333333333,99,0,499.6666666666667,378,107,1,107,99,0,498,350,102,8,101,99,0,500,296,85,5,84,99,0,501,294,14,292
11/5/2025 22:16,DCF Meter,11/5/2025 22:16,284.3333333333333,98.33333333333333,0,499.6666666666667,316,90,2,89,99,0,498,296,86,8,85,98,0,500,241,69,8,67,98,0,501,245,18,241
11/5/2025 22:17,DCF Meter,11/5/2025 22:17,363.3333333333333,99,0,499.3333333333333,397,113,4,113,99,0,498,368,107,8,106,99,0,500,325,93,7,92,99,0,500,313,19,311
11/5/2025 22:18,DCF Meter,11/5/2025 22:18,343.6666666666667,99,0,500.3333333333333,378,108,0,107,99,0,499,353,103,6,102,99,0,501,300,86,4,85,99,0,501,297,10,294
11/5/2025 22:19,DCF Meter,11/5/2025 22:19,302.3333333333333,98.33333333333333,0,499.6666666666667,335,95,5,95,99,0,498,311,91,9,89,98,0,500,261,75,8,73,98,0,501,261,22,257
11/5/2025 22:20,DCF Meter,11/5/2025 22:20,335,99,0,500,371,106,2,105,99,0,498,342,99,2,99,99,0,501,292,83,2,83,99,0,501,288,6,287
11/5/2025 22:21,DCF Meter,11/5/2025 22:21,262.6666666666667,98.33333333333333,0,500.3333333333333,297,85,1,84,99,0,499,270,79,2,78,98,0,501,221,63,2,62,98,0,501,227,5,224
11/5/2025 22:22,DCF Meter,11/5/2025 22:22,269,98.33333333333333,0,500.3333333333333,304,87,0,86,99,0,499,274,80,4,79,98,0,501,229,66,4,65,98,0,501,233,8,230
11/5/2025 22:23,DCF Meter,11/5/2025 22:23,310.6666666666667,98.66666666666667,0,500,348,99,0,99,99,0,498,316,92,7,91,98,0,501,268,77,3,76,99,0,501,268,10,266
11/5/2025 22:24,DCF Meter,11/5/2025 22:24,327.3333333333333,99,0,500,361,103,0,102,99,0,498,333,97,7,96,99,0,501,288,82,4,82,99,0,501,282,11,280
11/5/2025 22:25,DCF Meter,11/5/2025 22:25,335,99,0,500.3333333333333,370,105,1,105,99,0,499,340,99,5,98,99,0,501,295,85,3,84,99,0,501,289,9,287
11/5/2025 22:26,DCF Meter,11/5/2025 22:26,271.3333333333333,98.33333333333333,0,500.6666666666667,306,87,0,87,99,0,499,277,81,4,80,98,0,501,231,66,3,65,98,0,502,234,7,232
11/5/2025 22:27,DCF Meter,11/5/2025 22:27,311,99,0,500,344,98,0,97,99,0,498,315,92,4,91,99,0,501,274,78,4,78,99,0,501,268,8,266
11/5/2025 22:28,DCF Meter,11/5/2025 22:28,350,99,0,500,386,110,2,109,99,0,498,354,103,5,102,99,0,501,310,89,3,88,99,0,501,302,10,299
11/5/2025 22:29,DCF Meter,11/5/2025 22:29,313.3333333333333,98.33333333333333,0,500.6666666666667,347,99,6,98,99,0,499,319,93,8,92,98,0,501,274,78,10,77,98,0,502,270,24,267
11/5/2025 22:30,DCF Meter,11/5/2025 22:30,295.6666666666667,97.66666666666667,0,500,329,94,9,93,98,0,498,302,88,13,86,98,0,501,256,73,13,71,97,0,501,255,35,250
11/5/2025 22:31,DCF Meter,11/5/2025 22:31,355.3333333333333,99,0,500.6666666666667,394,112,4,112,99,0,499,360,105,10,104,99,0,501,312,89,7,89,99,0,502,306,21,305
11/5/2025 22:32,DCF Meter,11/5/2025 22:32,325.6666666666667,98.66666666666667,0,500.6666666666667,360,103,3,102,99,0,499,334,97,8,96,99,0,501,283,81,7,80,98,0,502,281,18,278
11/5/2025 22:33,DCF Meter,11/5/2025 22:33,316,99,0,500.6666666666667,353,101,0,100,99,0,499,322,94,4,93,99,0,501,273,78,3,77,99,0,502,273,7,270
11/5/2025 22:34,DCF Meter,11/5/2025 22:34,260.3333333333333,98.33333333333333,0,501,298,85,2,84,99,0,499,268,78,4,77,98,0,502,215,61,2,61,98,0,502,224,8,222
11/5/2025 22:35,DCF Meter,11/5/2025 22:35,321,99,0,501,360,103,1,102,99,0,499,322,94,5,93,99,0,502,281,80,0,80,99,0,502,277,6,275
11/5/2025 22:36,DCF Meter,11/5/2025 22:36,280,98,0,502.3333333333333,319,91,13,90,98,0,500,280,82,9,81,98,0,503,241,69,11,68,98,0,504,242,33,239
11/5/2025 22:37,DCF Meter,11/5/2025 22:37,232.33333333333334,97.66666666666667,0,501.6666666666667,273,78,12,77,98,0,500,231,68,7,67,98,0,502,193,55,10,54,97,0,503,201,29,198
11/5/2025 22:38,DCF Meter,11/5/2025 22:38,234,97.66666666666667,0,502.3333333333333,272,78,12,76,98,0,500,235,69,8,68,98,0,503,195,56,10,55,97,0,504,203,30,199
11/5/2025 22:39,DCF Meter,11/5/2025 22:39,232,97.66666666666667,0,502.3333333333333,271,77,12,76,98,0,501,232,68,7,67,98,0,503,193,55,10,54,97,0,503,200,29,197
11/5/2025 22:40,DCF Meter,11/5/2025 22:40,281.3333333333333,98.33333333333333,0,502,322,92,12,91,98,0,500,280,82,7,81,99,0,503,242,70,9,68,98,0,503,244,28,240
11/5/2025 22:41,DCF Meter,11/5/2025 22:41,320.6666666666667,99,0,501.6666666666667,362,104,5,103,99,0,500,318,93,0,93,99,0,502,282,81,2,81,99,0,503,278,7,277
11/5/2025 22:42,DCF Meter,11/5/2025 22:42,226,97.66666666666667,0,502.3333333333333,266,76,12,75,98,0,500,223,65,8,64,98,0,503,189,54,10,53,97,0,504,195,30,192
11/5/2025 22:43,DCF Meter,11/5/2025 22:43,277.6666666666667,98.66666666666667,0,502,320,91,10,90,99,0,500,272,79,5,79,99,0,503,241,69,8,68,98,0,503,239,23,237
11/5/2025 22:44,DCF Meter,11/5/2025 22:44,227.66666666666666,97.66666666666667,0,502,269,77,10,76,98,0,500,222,65,6,64,98,0,503,192,55,9,54,97,0,503,197,25,194
11/5/2025 22:45,DCF Meter,11/5/2025 22:45,229.33333333333334,97.66666666666667,0,502.3333333333333,273,78,10,77,98,0,500,221,65,6,64,98,0,503,194,56,10,54,97,0,504,199,26,195
11/5/2025 22:46,DCF Meter,11/5/2025 22:46,277.6666666666667,98.33333333333333,0,502.3333333333333,321,92,12,91,98,0,500,275,80,5,80,99,0,503,237,68,8,67,98,0,504,240,25,238
11/5/2025 22:47,DCF Meter,11/5/2025 22:47,306,99,0,502.3333333333333,343,98,10,97,99,0,500,304,89,8,88,99,0,503,271,78,6,77,99,0,504,265,24,262
11/5/2025 22:48,DCF Meter,11/5/2025 22:48,313.6666666666667,99,0,502,350,100,9,100,99,0,500,309,90,7,90,99,0,502,282,81,7,80,99,0,504,271,23,270
11/5/2025 22:49,DCF Meter,11/5/2025 22:49,243,98.33333333333333,0,502.3333333333333,281,80,10,79,98,0,500,240,70,6,69,99,0,503,208,60,7,59,98,0,504,210,23,207
11/5/2025 22:50,DCF Meter,11/5/2025 22:50,256,99,0,501.6666666666667,294,84,3,84,99,0,500,256,75,2,74,99,0,502,218,63,0,62,99,0,503,222,5,220
11/5/2025 22:51,DCF Meter,11/5/2025 22:51,310.6666666666667,99,0,502,348,99,2,99,99,0,500,309,90,3,90,99,0,503,275,79,1,79,99,0,503,268,6,268
11/5/2025 22:52,DCF Meter,11/5/2025 22:52,350,99,0,501,386,110,5,110,99,0,499,344,100,8,100,99,0,502,320,92,7,91,99,0,502,302,20,301
11/5/2025 22:53,DCF Meter,11/5/2025 22:53,252.33333333333334,99,0,502.3333333333333,295,84,5,84,99,0,500,245,72,0,71,99,0,503,217,62,3,62,99,0,504,218,8,217
11/5/2025 22:54,DCF Meter,11/5/2025 22:54,244.33333333333334,98.66666666666667,0,502.3333333333333,291,83,5,83,99,0,500,234,68,0,68,99,0,503,208,60,6,59,98,0,504,211,11,210
11/5/2025 22:55,DCF Meter,11/5/2025 22:55,243.33333333333334,98.66666666666667,0,502.6666666666667,290,83,5,82,99,0,501,233,68,0,68,99,0,503,207,60,6,59,98,0,504,211,11,209
11/5/2025 22:56,DCF Meter,11/5/2025 22:56,297,99,0,502.3333333333333,342,98,4,97,99,0,500,286,83,0,83,99,0,503,263,76,5,75,99,0,504,257,9,255
11/5/2025 22:57,DCF Meter,11/5/2025 22:57,311.3333333333333,99,0,502.3333333333333,355,102,6,101,99,0,500,299,87,4,87,99,0,503,280,81,6,80,99,0,504,270,16,268
11/5/2025 22:58,DCF Meter,11/5/2025 22:58,232.66666666666666,98.66666666666667,0,502.6666666666667,275,79,7,78,99,0,501,222,65,4,64,99,0,503,201,58,8,57,98,0,504,202,19,199
11/5/2025 22:59,DCF Meter,11/5/2025 22:59,228.66666666666666,97.66666666666667,0,503,271,78,11,77,98,0,501,218,64,7,63,98,0,504,197,57,11,55,97,0,504,199,29,195
11/5/2025 23:00,DCF Meter,11/5/2025 23:00,296,98.66666666666667,0,502.6666666666667,338,97,9,96,99,0,501,283,83,6,82,99,0,503,267,77,10,76,98,0,504,257,25,254
11/5/2025 23:01,DCF Meter,11/5/2025 23:01,295.6666666666667,98.66666666666667,0,502,337,96,6,96,99,0,500,282,82,7,82,99,0,503,268,77,12,76,98,0,503,255,25,254
11/5/2025 23:02,DCF Meter,11/5/2025 23:02,268.3333333333333,98.33333333333333,0,500.6666666666667,314,90,11,89,98,0,499,258,75,4,74,99,0,501,233,67,10,65,98,0,502,232,25,228
11/5/2025 23:03,DCF Meter,11/5/2025 23:03,219.33333333333334,97.66666666666667,0,500.6666666666667,265,76,11,75,98,0,499,209,61,5,60,98,0,501,184,53,10,51,97,0,502,190,26,186
11/5/2025 23:04,DCF Meter,11/5/2025 23:04,240,99,0,500.6666666666667,281,80,3,80,99,0,499,233,68,1,67,99,0,501,206,59,2,58,99,0,502,207,6,205
11/5/2025 23:05,DCF Meter,11/5/2025 23:05,263.3333333333333,98,0,500.6666666666667,309,88,11,87,98,0,499,252,73,5,73,99,0,501,229,65,11,64,97,0,502,226,27,224
11/5/2025 23:06,DCF Meter,11/5/2025 23:06,279.6666666666667,99,0,500.6666666666667,319,91,10,90,99,0,499,272,79,5,79,99,0,501,248,71,7,70,99,0,502,241,22,239
11/5/2025 23:07,DCF Meter,11/5/2025 23:07,303.3333333333333,98.66666666666667,0,501,343,98,10,97,99,0,499,295,86,7,85,99,0,502,272,78,9,77,98,0,502,262,26,259
11/5/2025 23:08,DCF Meter,11/5/2025 23:08,214.66666666666666,97.66666666666667,0,501,254,72,11,71,98,0,499,208,61,6,60,98,0,502,182,52,9,51,97,0,502,185,26,182
11/5/2025 23:09,DCF Meter,11/5/2025 23:09,214,97.66666666666667,0,501.3333333333333,253,72,11,71,98,0,499,207,60,6,59,98,0,502,182,52,9,51,97,0,503,184,26,181
11/5/2025 23:10,DCF Meter,11/5/2025 23:10,214.66666666666666,97.66666666666667,0,501.3333333333333,255,73,11,71,98,0,499,208,61,6,60,98,0,502,181,52,9,50,97,0,503,186,26,181
11/5/2025 23:11,DCF Meter,11/5/2025 23:11,209.66666666666666,97.66666666666667,0,501.6666666666667,248,71,11,70,98,0,500,204,59,6,58,98,0,502,177,51,9,49,97,0,503,181,26,177
11/5/2025 23:12,DCF Meter,11/5/2025 23:12,204,97,0,501.6666666666667,242,69,13,68,97,0,500,200,58,7,57,98,0,502,170,49,11,47,96,0,503,176,31,172
11/5/2025 23:13,DCF Meter,11/5/2025 23:13,200.33333333333334,96.66666666666667,0,501.6666666666667,237,68,13,66,97,0,500,197,57,8,56,97,0,502,167,48,11,46,96,0,503,173,32,168
11/5/2025 23:14,DCF Meter,11/5/2025 23:14,205.66666666666666,97.33333333333333,0,501.6666666666667,244,70,12,68,98,0,500,201,59,7,58,98,0,502,172,49,10,48,96,0,503,178,29,174
11/5/2025 23:15,DCF Meter,11/5/2025 23:15,205.66666666666666,97.33333333333333,0,501.6666666666667,244,70,12,68,98,0,500,201,59,7,58,98,0,502,172,49,10,48,96,0,503,178,29,174
11/5/2025 23:16,DCF Meter,11/5/2025 23:16,206.33333333333334,97.66666666666667,0,501.6666666666667,245,70,12,69,98,0,500,201,59,7,58,98,0,502,173,50,10,48,97,0,503,179,29,175
11/5/2025 23:17,DCF Meter,11/5/2025 23:17,210,97.66666666666667,0,501.6666666666667,249,71,12,70,98,0,500,206,60,7,59,98,0,502,175,50,9,49,97,0,503,181,28,178
11/5/2025 23:18,DCF Meter,11/5/2025 23:18,246.33333333333334,99,0,501,284,81,4,81,99,0,499,242,71,0,70,99,0,502,213,61,1,61,99,0,502,213,5,212
11/5/2025 23:19,DCF Meter,11/5/2025 23:19,209.33333333333334,97.66666666666667,0,502,247,71,11,69,98,0,500,202,59,7,58,98,0,503,179,51,9,50,97,0,503,181,27,177
11/5/2025 23:20,DCF Meter,11/5/2025 23:20,208,97.66666666666667,0,501.6666666666667,246,70,10,69,98,0,500,199,58,6,57,98,0,502,179,51,9,50,97,0,503,179,25,176
11/5/2025 23:21,DCF Meter,11/5/2025 23:21,217,98,0,502,250,71,10,70,98,0,500,212,62,7,61,98,0,503,189,54,8,53,98,0,503,187,25,184
11/5/2025 23:22,DCF Meter,11/5/2025 23:22,220.33333333333334,98.33333333333333,0,501.6666666666667,253,72,7,72,99,0,500,215,63,5,62,98,0,502,193,55,5,55,98,0,503,190,17,189
11/5/2025 23:23,DCF Meter,11/5/2025 23:23,217.66666666666666,98.33333333333333,0,502,251,72,7,71,99,0,500,212,62,5,61,98,0,503,190,55,6,54,98,0,503,189,18,186
11/5/2025 23:24,DCF Meter,11/5/2025 23:24,220,98.33333333333333,0,502,252,72,7,71,99,0,500,215,63,6,62,98,0,503,193,55,5,55,98,0,503,190,18,188
11/5/2025 23:25,DCF Meter,11/5/2025 23:25,218.66666666666666,98,0,502,250,71,10,70,98,0,500,215,63,8,62,98,0,503,191,55,7,54,98,0,503,189,25,186
11/5/2025 23:26,DCF Meter,11/5/2025 23:26,219.66666666666666,98,0,502,248,71,10,70,98,0,500,218,64,8,63,98,0,503,193,55,6,54,98,0,503,190,24,187
11/5/2025 23:27,DCF Meter,11/5/2025 23:27,210.66666666666666,97.66666666666667,0,502,244,70,10,68,98,0,500,203,59,8,58,98,0,503,185,53,9,52,97,0,503,182,27,178
11/5/2025 23:28,DCF Meter,11/5/2025 23:28,216.33333333333334,98.33333333333333,0,502,249,71,7,70,99,0,500,210,61,6,61,98,0,503,190,55,6,54,98,0,503,187,19,185
11/5/2025 23:29,DCF Meter,11/5/2025 23:29,215.66666666666666,98.33333333333333,0,502,249,71,7,70,99,0,500,209,61,6,60,98,0,503,189,54,6,53,98,0,503,186,19,183
11/5/2025 23:30,DCF Meter,11/5/2025 23:30,202.33333333333334,96,0,502.6666666666667,235,67,14,65,97,0,501,195,57,13,55,96,0,503,177,51,13,48,95,0,504,175,40,168
11/5/2025 23:31,DCF Meter,11/5/2025 23:31,204.33333333333334,96,0,502.6666666666667,235,67,14,65,97,0,501,199,58,13,56,96,0,503,179,51,13,49,95,0,504,176,40,170
11/5/2025 23:32,DCF Meter,11/5/2025 23:32,199,95.33333333333333,0,502.6666666666667,234,67,15,65,96,0,501,195,57,11,55,96,0,503,168,48,13,46,94,0,504,172,39,166
11/5/2025 23:33,DCF Meter,11/5/2025 23:33,201,96.33333333333333,0,502.6666666666667,236,67,14,65,97,0,501,197,58,10,56,97,0,503,170,49,13,46,95,0,504,174,37,167
11/5/2025 23:34,DCF Meter,11/5/2025 23:34,198.66666666666666,96.33333333333333,0,502.6666666666667,231,66,14,64,97,0,501,195,57,11,55,97,0,503,170,49,13,46,95,0,504,172,38,165
11/5/2025 23:35,DCF Meter,11/5/2025 23:35,200.66666666666666,96.33333333333333,0,502.6666666666667,235,67,14,65,97,0,501,195,57,11,55,97,0,503,172,49,13,47,95,0,504,173,38,167
11/5/2025 23:36,DCF Meter,11/5/2025 23:36,200.66666666666666,96.33333333333333,0,502.6666666666667,236,68,14,66,97,0,501,195,57,10,55,97,0,503,171,49,13,47,95,0,504,174,37,168
11/5/2025 23:37,DCF Meter,11/5/2025 23:37,207.66666666666666,96,0,502.6666666666667,239,68,13,67,97,0,501,202,59,12,57,96,0,503,182,52,13,50,95,0,504,179,38,174
11/5/2025 23:38,DCF Meter,11/5/2025 23:38,209.33333333333334,96.66666666666667,0,502.6666666666667,239,68,12,67,97,0,501,206,60,11,58,97,0,503,183,52,12,51,96,0,504,180,35,176
11/5/2025 23:39,DCF Meter,11/5/2025 23:39,209,96.66666666666667,0,502.6666666666667,238,68,12,67,97,0,501,206,60,11,58,97,0,503,183,53,12,51,96,0,504,181,35,176
11/5/2025 23:40,DCF Meter,11/5/2025 23:40,211,96.33333333333333,0,502.6666666666667,241,69,12,67,97,0,501,205,60,12,58,97,0,503,187,54,13,51,95,0,504,183,37,176
11/5/2025 23:41,DCF Meter,11/5/2025 23:41,204.66666666666666,96.33333333333333,0,502.6666666666667,237,68,13,66,97,0,501,200,58,11,57,97,0,503,177,51,13,49,95,0,504,177,37,172
11/5/2025 23:42,DCF Meter,11/5/2025 23:42,205.66666666666666,96.33333333333333,0,503,238,68,13,66,97,0,501,201,59,11,57,97,0,504,178,51,13,49,95,0,504,178,37,172
11/5/2025 23:43,DCF Meter,11/5/2025 23:43,200.66666666666666,96.33333333333333,0,502.6666666666667,234,67,13,65,97,0,501,197,58,10,56,97,0,503,171,49,13,47,95,0,504,174,36,168
11/5/2025 23:44,DCF Meter,11/5/2025 23:44,199.66666666666666,96.33333333333333,0,503.3333333333333,233,67,14,65,97,0,501,197,57,10,56,97,0,504,169,49,13,46,95,0,505,173,37,167
11/5/2025 23:45,DCF Meter,11/5/2025 23:45,199.66666666666666,96.33333333333333,0,503.3333333333333,233,67,14,65,97,0,501,196,57,10,56,97,0,504,170,49,13,46,95,0,505,173,37,167
11/5/2025 23:46,DCF Meter,11/5/2025 23:46,205,96.33333333333333,0,503.3333333333333,240,69,14,67,97,0,501,201,59,10,57,97,0,504,174,50,13,48,95,0,505,178,37,172
11/5/2025 23:47,DCF Meter,11/5/2025 23:47,203.33333333333334,96.33333333333333,0,503.3333333333333,237,68,13,66,97,0,501,198,58,11,56,97,0,504,175,50,13,48,95,0,505,176,37,170
11/5/2025 23:48,DCF Meter,11/5/2025 23:48,203.33333333333334,96.33333333333333,0,503.3333333333333,236,68,13,66,97,0,501,199,58,11,56,97,0,504,175,50,13,48,95,0,505,176,37,170
11/5/2025 23:49,DCF Meter,11/5/2025 23:49,203.66666666666666,96.33333333333333,0,503,238,68,13,66,97,0,501,201,59,10,57,97,0,504,172,49,13,47,95,0,504,176,36,170
11/5/2025 23:50,DCF Meter,11/5/2025 23:50,204,96.33333333333333,0,503,240,69,14,67,97,0,501,201,59,10,57,97,0,504,171,49,13,47,95,0,504,177,37,171
11/5/2025 23:51,DCF Meter,11/5/2025 23:51,202,96.33333333333333,0,503.3333333333333,235,67,13,66,97,0,501,199,58,11,57,97,0,504,172,50,13,47,95,0,505,175,37,170
11/5/2025 23:52,DCF Meter,11/5/2025 23:52,201.33333333333334,95.66666666666667,0,503.3333333333333,235,67,14,65,97,0,501,197,58,12,56,96,0,504,172,49,14,47,94,0,505,174,40,168
11/5/2025 23:53,DCF Meter,11/5/2025 23:53,203,95.66666666666667,0,503.3333333333333,235,67,14,65,97,0,501,199,58,12,56,96,0,504,175,50,14,47,94,0,505,175,40,168
11/5/2025 23:54,DCF Meter,11/5/2025 23:54,202.33333333333334,95.66666666666667,0,503.3333333333333,235,67,14,65,97,0,501,198,58,12,56,96,0,504,174,50,14,47,94,0,505,175,40,168
11/5/2025 23:55,DCF Meter,11/5/2025 23:55,207,96,0,503.3333333333333,240,69,16,66,96,0,501,206,60,12,58,97,0,504,175,50,13,48,95,0,505,179,41,172
11/5/2025 23:56,DCF Meter,11/5/2025 23:56,202,96,0,503.3333333333333,236,68,15,65,96,0,501,200,58,11,57,97,0,504,170,49,13,46,95,0,505,175,39,168
11/5/2025 23:57,DCF Meter,11/5/2025 23:57,206.66666666666666,96.66666666666667,0,503.3333333333333,241,69,12,67,97,0,501,201,59,8,57,97,0,504,178,51,10,50,96,0,505,179,30,174
11/5/2025 23:58,DCF Meter,11/5/2025 23:58,208,97,0,503,240,69,12,67,97,0,501,203,59,9,58,97,0,504,181,52,10,50,97,0,504,180,31,175
11/5/2025 23:59,DCF Meter,11/5/2025 23:59,210.33333333333334,96.66666666666667,0,503,245,70,13,69,97,0,501,204,59,11,58,97,0,504,182,52,12,50,96,0,504,181,36,177
