Start Time,End Time,Meter,l1Volt,l1Amp,l1Kw,l1Kva,l1Pf,l1THD,l1Kvar,l2Volt,l2Amp,l2Kw,l2Kva,l2Pf,l2THD,l2Kvar,l3Volt,l3Amp,l3Kw,l3Kva,l3Pf,l3THD,l3Kvar,avgVolt,avgAmp,avgKw,avgKva,avgPf,avgTHD,avgKvar,peakKva,peakKw
2026-04-15 00:00:00,2026-04-15 00:14:59,Main PF,276.99,831.50,213.40,229.82,93.71,35.41,79.81,277.01,858.50,220.99,237.07,93.97,37.16,79.94,277.59,830.04,213.19,229.84,93.61,36.46,79.61,277.19,840.01,647.58,696.74,93.76,36.34,239.36,781.30,704.70
2026-04-15 00:15:00,2026-04-15 00:29:59,Main PF,276.99,810.06,210.21,223.84,94.68,34.92,71.82,277.41,838.75,218.94,232.15,94.89,36.42,72.25,277.78,810.09,210.74,224.58,94.55,35.66,71.89,277.39,819.63,639.89,680.57,94.71,35.67,215.97,733.00,689.70
2026-04-15 00:30:00,2026-04-15 00:44:59,Main PF,277.43,665.70,172.48,184.34,94.38,36.48,60.38,277.71,679.78,176.29,188.25,94.43,38.71,60.49,278.33,655.37,169.75,181.87,94.12,37.72,60.22,277.82,666.95,518.52,554.46,94.31,37.64,181.08,620.20,579.80
2026-04-15 00:45:00,2026-04-15 00:59:59,Main PF,277.87,597.95,154.87,165.84,93.97,38.22,55.62,278.26,610.84,158.10,169.53,93.97,40.71,55.82,278.46,587.79,151.56,163.27,93.65,39.67,55.65,278.20,598.86,464.54,498.64,93.86,39.53,167.09,525.70,490.80
2026-04-15 01:00:00,2026-04-15 01:14:59,Main PF,276.89,558.89,144.13,154.37,94.27,38.81,50.75,277.19,570.79,147.45,157.87,94.23,41.64,50.92,277.77,544.13,140.22,150.73,93.82,40.68,50.71,277.29,557.94,431.80,462.97,94.11,40.38,152.38,490.10,453.90
2026-04-15 01:15:00,2026-04-15 01:29:59,Main PF,277.13,625.62,158.51,172.99,92.73,36.57,64.77,277.08,639.12,161.92,176.66,92.69,39.51,64.81,277.61,610.08,154.15,168.91,92.21,38.11,64.78,277.27,624.94,474.57,518.56,92.54,38.06,194.37,630.60,559.70
2026-04-15 01:30:00,2026-04-15 01:44:59,Main PF,276.82,760.51,187.28,210.00,89.71,35.20,92.32,276.73,777.59,191.25,214.64,89.76,37.69,92.48,277.57,744.39,181.88,206.16,89.05,36.04,92.23,277.04,760.83,560.41,630.81,89.51,36.31,277.02,660.20,583.40
2026-04-15 01:45:00,2026-04-15 01:59:59,Main PF,277.45,695.31,175.18,192.35,92.25,35.49,74.74,277.62,705.28,177.84,195.28,92.14,37.82,74.83,278.00,675.09,169.32,187.15,91.59,36.21,74.79,277.69,691.89,522.33,574.78,91.99,36.51,224.36,688.40,611.50
2026-04-15 02:00:00,2026-04-15 02:14:59,Main PF,278.19,598.12,155.15,166.06,94.11,36.81,55.35,277.99,604.54,156.75,167.65,93.99,39.65,55.33,278.65,577.30,149.14,160.48,93.59,37.98,55.33,278.28,593.32,461.03,494.20,93.90,38.15,166.02,516.20,482.20
2026-04-15 02:15:00,2026-04-15 02:29:59,Main PF,277.83,726.68,182.46,201.46,91.39,35.43,81.87,278.05,744.73,187.08,206.60,91.38,37.79,82.43,278.34,711.24,178.24,197.49,90.90,36.35,81.70,278.07,727.55,547.78,605.55,91.23,36.52,246.00,678.70,602.50
2026-04-15 02:30:00,2026-04-15 02:44:59,Main PF,278.34,591.61,152.61,164.22,93.73,36.66,56.61,278.46,606.55,156.65,168.51,93.76,39.25,56.87,278.76,581.05,149.62,161.61,93.31,37.96,56.60,278.51,593.07,458.88,494.35,93.60,37.96,170.08,649.30,579.00
2026-04-15 02:45:00,2026-04-15 02:59:59,Main PF,278.56,552.32,143.04,153.39,94.07,38.81,50.89,278.66,562.23,145.73,156.32,94.03,41.76,50.96,278.75,535.22,137.97,148.78,93.54,40.23,50.90,278.65,549.92,426.74,458.48,93.88,40.27,152.75,479.90,447.70
2026-04-15 03:00:00,2026-04-15 03:14:59,Main PF,278.44,565.25,146.21,156.96,93.91,38.00,52.92,278.64,577.19,149.25,160.39,93.88,40.98,52.92,278.85,547.71,141.24,152.37,93.39,39.44,52.74,278.64,563.38,436.69,469.72,93.72,39.47,158.59,489.30,452.30
2026-04-15 03:15:00,2026-04-15 03:29:59,Main PF,278.05,723.38,177.06,200.71,88.96,35.91,91.47,278.14,748.70,183.17,207.77,89.06,38.43,91.72,278.31,710.16,172.01,197.20,88.08,37.28,91.35,278.16,727.41,532.24,605.67,88.70,37.21,274.53,624.40,550.30
2026-04-15 03:30:00,2026-04-15 03:44:59,Main PF,278.76,571.69,148.30,158.98,94.03,38.22,53.08,278.96,586.34,152.36,163.22,94.00,40.91,53.38,279.43,557.91,144.13,155.48,93.56,39.95,53.03,279.05,571.98,444.78,477.68,93.86,39.69,159.49,499.10,461.50
2026-04-15 03:45:00,2026-04-15 03:59:59,Main PF,278.64,614.27,158.61,170.69,93.83,38.16,58.16,278.74,630.31,163.22,175.25,93.85,40.63,58.36,279.32,600.68,154.95,167.32,93.38,39.56,58.18,278.90,615.09,476.78,513.26,93.68,39.45,174.70,537.70,498.40
2026-04-15 04:00:00,2026-04-15 04:14:59,Main PF,278.30,604.76,156.26,167.82,93.86,37.58,56.93,278.35,619.44,160.28,172.04,93.89,40.36,56.93,278.69,587.60,151.41,163.37,93.33,39.13,56.90,278.45,603.94,467.95,503.22,93.70,39.02,170.75,518.90,485.30
2026-04-15 04:15:00,2026-04-15 04:29:59,Main PF,277.80,599.58,154.14,166.15,93.69,37.76,57.49,278.13,619.13,160.04,171.85,93.83,40.16,57.47,278.52,591.71,152.11,164.39,93.33,38.91,57.32,278.15,603.47,466.29,502.39,93.62,38.94,172.27,526.80,486.50
2026-04-15 04:30:00,2026-04-15 04:44:59,Main PF,277.78,604.61,155.81,167.60,93.74,36.90,57.51,277.81,618.55,159.43,171.39,93.71,39.71,57.91,278.24,587.27,150.63,163.00,93.20,38.41,57.54,277.94,603.48,465.86,501.99,93.55,38.34,172.96,532.00,491.10
2026-04-15 04:45:00,2026-04-15 04:59:59,Main PF,277.54,592.77,153.12,164.16,93.90,36.86,55.77,277.93,603.49,155.78,167.36,93.78,39.72,56.10,278.00,573.96,147.42,159.20,93.39,38.14,55.68,277.83,590.07,456.32,490.72,93.69,38.24,167.55,546.80,503.20
2026-04-15 05:00:00,2026-04-15 05:14:59,Main PF,276.74,783.81,193.05,216.33,89.80,35.09,95.12,276.86,807.50,199.22,223.08,89.89,37.51,95.39,277.14,766.91,187.08,211.99,88.93,36.26,95.23,276.92,786.07,579.35,651.40,89.54,36.29,285.74,693.00,619.70
2026-04-15 05:15:00,2026-04-15 05:29:59,Main PF,276.72,686.60,171.23,189.62,91.43,36.49,77.14,276.77,711.26,177.86,196.42,91.49,39.05,77.27,276.92,666.90,165.58,184.39,90.57,37.86,77.26,276.80,688.25,514.66,570.42,91.16,37.80,231.66,642.50,569.40
2026-04-15 05:30:00,2026-04-15 05:44:59,Main PF,276.57,562.32,144.80,155.17,94.11,37.22,52.28,276.83,578.81,149.25,159.90,94.14,39.71,52.26,276.93,545.66,139.72,150.75,93.55,38.57,52.16,276.78,562.26,433.77,465.83,93.93,38.50,156.69,492.80,456.70
2026-04-15 05:45:00,2026-04-15 05:59:59,Main PF,276.42,592.17,150.95,163.26,93.42,37.19,58.22,276.39,607.61,154.95,167.60,93.42,39.79,58.55,276.65,574.67,145.37,158.58,92.87,38.48,58.16,276.49,591.48,451.27,489.44,93.24,38.49,174.93,626.70,554.20
2026-04-15 06:00:00,2026-04-15 06:14:59,Main PF,275.67,723.44,177.79,198.86,89.88,36.26,87.60,275.93,755.08,186.29,207.97,90.24,38.36,87.59,276.03,710.70,173.06,195.69,89.13,37.67,87.23,275.87,729.74,537.14,602.51,89.75,37.43,262.41,625.50,559.60
2026-04-15 06:15:00,2026-04-15 06:29:59,Main PF,276.65,581.74,149.13,160.53,93.63,36.98,56.06,276.76,607.83,156.16,167.76,93.83,39.19,56.51,277.33,576.14,147.31,159.42,93.22,38.54,56.12,276.91,588.57,452.61,487.71,93.56,38.24,168.69,515.20,475.40
2026-04-15 06:30:00,2026-04-15 06:44:59,Main PF,276.01,594.30,152.45,163.64,93.94,37.69,55.75,276.36,621.04,159.88,171.15,94.24,39.56,55.73,276.54,588.59,150.68,162.41,93.62,39.25,55.63,276.31,601.31,463.01,497.20,93.93,38.83,167.12,519.80,481.70
2026-04-15 06:45:00,2026-04-15 06:59:59,Main PF,276.43,587.79,150.64,162.12,93.66,36.56,56.55,276.73,608.89,156.68,168.18,93.88,38.79,56.58,277.11,584.39,149.64,161.56,93.40,37.89,56.43,276.76,593.69,456.96,491.85,93.65,37.75,169.56,522.40,483.70
2026-04-15 07:00:00,2026-04-15 07:14:59,Main PF,276.09,621.11,157.12,170.95,92.77,36.41,64.17,276.20,643.61,163.11,177.29,92.94,38.47,64.39,276.74,612.80,154.83,169.19,92.33,37.86,64.12,276.34,625.84,475.06,517.43,92.68,37.58,192.68,623.00,549.50
2026-04-15 07:15:00,2026-04-15 07:29:59,Main PF,275.78,691.81,170.38,190.26,90.33,35.42,82.61,275.74,721.35,178.46,198.57,90.63,37.40,83.00,276.47,687.62,168.43,189.67,89.79,36.55,82.45,276.00,700.26,517.27,578.49,90.25,36.46,248.06,655.60,573.30
2026-04-15 07:30:00,2026-04-15 07:44:59,Main PF,276.63,570.31,146.33,157.50,93.73,38.14,54.14,276.84,591.93,152.10,163.44,93.97,40.07,54.35,277.37,567.89,145.67,157.04,93.51,39.30,54.03,276.95,576.71,444.10,477.98,93.74,39.17,162.52,500.40,463.10
2026-04-15 07:45:00,2026-04-15 07:59:59,Main PF,276.58,579.25,148.93,159.81,94.14,38.88,53.13,276.95,598.51,154.59,165.40,94.30,40.89,53.40,277.37,575.80,148.42,159.32,93.95,40.24,53.09,276.97,584.52,451.94,484.53,94.13,40.00,159.62,521.30,488.70
2026-04-15 08:00:00,2026-04-15 08:14:59,Main PF,276.32,566.53,145.81,156.16,93.95,36.99,53.13,276.60,582.18,149.87,160.66,94.09,39.07,53.24,277.32,564.14,145.44,156.09,93.80,38.04,53.03,276.75,570.95,441.13,472.91,93.94,38.03,159.40,489.60,455.40
2026-04-15 08:15:00,2026-04-15 08:29:59,Main PF,276.50,577.80,148.64,159.28,94.17,37.49,53.22,276.77,598.47,154.68,165.24,94.35,39.78,53.35,277.06,577.65,148.84,159.59,94.07,38.69,53.14,276.78,584.64,452.16,484.10,94.19,38.65,159.71,507.60,470.60
2026-04-15 08:30:00,2026-04-15 08:44:59,Main PF,275.78,712.59,175.60,196.09,90.40,36.39,83.68,275.90,736.61,182.51,202.74,90.79,38.19,84.06,276.76,716.00,177.10,197.86,90.27,37.16,83.69,276.15,721.74,535.20,596.68,90.49,37.24,251.42,661.30,585.10
2026-04-15 08:45:00,2026-04-15 08:59:59,Main PF,276.02,634.63,159.90,174.68,92.54,36.21,66.27,276.09,653.53,165.52,180.06,92.81,38.14,66.40,277.10,637.58,161.28,176.20,92.47,37.11,66.29,276.40,641.91,486.70,530.94,92.61,37.15,198.96,658.80,586.10
2026-04-15 09:00:00,2026-04-15 09:14:59,Main PF,276.33,575.48,147.47,158.66,93.64,36.17,55.48,276.53,591.76,152.09,163.16,93.82,38.65,55.58,277.32,579.15,148.89,160.20,93.62,37.35,55.35,276.72,582.13,448.45,482.02,93.69,37.39,166.41,515.20,478.00
2026-04-15 09:15:00,2026-04-15 09:29:59,Main PF,275.51,689.26,170.35,189.36,90.78,34.73,80.60,275.65,717.33,178.19,197.31,91.15,36.95,80.85,276.28,693.53,171.15,190.98,90.57,35.91,80.66,275.82,700.04,519.68,577.65,90.83,35.87,242.10,649.80,575.50
2026-04-15 09:30:00,2026-04-15 09:44:59,Main PF,274.91,656.61,164.17,180.09,92.18,34.29,70.30,275.11,678.22,170.38,186.18,92.55,36.34,70.36,276.02,663.51,166.70,182.80,92.19,35.33,70.19,275.35,666.11,501.26,549.07,92.31,35.32,210.84,631.30,559.90
2026-04-15 09:45:00,2026-04-15 09:59:59,Main PF,274.52,572.12,146.12,156.65,94.08,35.15,53.31,274.99,588.15,150.50,161.38,94.25,37.54,53.48,275.31,572.89,146.49,157.36,93.98,36.39,53.24,274.94,577.72,443.11,475.39,94.10,36.36,160.03,488.10,455.00
2026-04-15 10:00:00,2026-04-15 10:14:59,Main PF,274.27,552.09,141.06,151.08,94.04,35.97,51.57,274.75,570.27,146.04,156.22,94.27,38.15,51.68,275.57,555.56,142.53,152.71,94.02,37.45,51.26,274.87,559.31,429.63,460.01,94.11,37.19,154.51,480.10,445.40
2026-04-15 10:15:00,2026-04-15 10:29:59,Main PF,273.67,553.37,140.92,151.14,94.20,36.12,51.18,274.26,569.19,145.66,155.66,94.28,38.82,51.29,274.86,552.70,141.16,151.53,94.01,37.76,51.09,274.26,558.42,427.74,458.34,94.16,37.57,153.57,479.40,444.50
2026-04-15 10:30:00,2026-04-15 10:44:59,Main PF,272.96,567.20,144.43,154.48,94.31,35.93,51.50,273.30,575.80,147.08,156.97,94.38,38.35,51.55,274.11,563.50,143.64,153.98,94.22,37.16,51.45,273.46,568.84,435.15,465.42,94.30,37.15,154.50,487.10,455.20
2026-04-15 10:45:00,2026-04-15 10:59:59,Main PF,272.90,580.23,147.89,157.95,94.30,36.05,52.89,273.04,593.11,151.19,161.56,94.44,38.22,52.88,273.93,579.14,148.05,158.30,94.25,37.00,52.79,273.29,584.16,447.12,477.81,94.33,37.09,158.56,496.00,465.30
2026-04-15 11:00:00,2026-04-15 11:14:59,Main PF,272.92,589.16,149.45,160.48,93.92,34.91,55.43,273.19,607.20,154.59,165.53,94.16,36.75,55.67,273.95,591.34,150.29,161.54,93.84,36.26,55.57,273.35,595.90,454.34,487.55,93.97,35.97,166.68,506.40,471.30
2026-04-15 11:15:00,2026-04-15 11:29:59,Main PF,272.11,692.26,166.91,187.95,89.68,35.65,84.91,272.12,719.03,173.78,195.14,90.06,37.72,85.19,273.06,690.71,166.30,188.02,89.30,37.44,84.93,272.43,700.67,506.99,571.10,89.68,36.93,255.03,662.60,577.30
2026-04-15 11:30:00,2026-04-15 11:44:59,Main PF,271.42,707.21,168.60,191.49,88.88,35.44,90.19,271.46,729.42,174.32,197.62,89.23,37.56,90.46,272.41,702.51,166.78,190.91,88.48,37.06,90.21,271.76,713.04,509.71,580.02,88.86,36.69,270.86,687.00,587.70
2026-04-15 11:45:00,2026-04-15 11:59:59,Main PF,271.01,763.79,177.88,206.49,87.04,34.74,104.70,271.04,790.27,185.18,213.68,87.61,36.39,104.97,272.16,769.77,179.77,209.06,86.87,35.82,104.68,271.41,774.61,542.84,629.24,87.17,35.65,314.35,683.70,584.20
2026-04-15 12:00:00,2026-04-15 12:14:59,Main PF,271.00,663.58,159.57,179.48,89.79,36.26,80.64,271.08,683.29,164.89,184.76,90.05,38.35,80.87,272.26,661.02,159.05,179.51,89.44,37.66,80.56,271.45,669.30,483.51,543.74,89.76,37.42,242.06,666.30,569.70
2026-04-15 12:15:00,2026-04-15 12:29:59,Main PF,270.95,626.47,151.38,169.38,90.10,37.27,74.79,271.27,648.52,157.43,175.51,90.46,39.09,74.95,272.24,629.61,152.53,171.07,89.88,38.84,74.68,271.49,634.87,461.34,515.96,90.15,38.40,224.41,665.50,572.00
2026-04-15 12:30:00,2026-04-15 12:44:59,Main PF,270.41,748.83,174.15,201.95,86.97,35.03,103.07,270.51,779.61,183.02,210.43,87.69,36.79,103.36,271.50,759.42,176.87,205.67,86.84,36.53,102.87,270.80,762.62,534.04,618.05,87.16,36.12,309.30,672.80,580.10
2026-04-15 12:45:00,2026-04-15 12:59:59,Main PF,270.21,629.06,152.00,169.67,90.23,37.38,74.73,270.78,654.10,158.78,176.69,90.69,39.05,74.88,271.40,637.96,154.14,172.80,90.12,38.56,74.62,270.80,640.37,464.92,519.16,90.35,38.33,224.23,676.00,579.70
2026-04-15 13:00:00,2026-04-15 13:14:59,Main PF,270.21,637.62,153.54,171.90,89.98,36.47,76.74,270.18,662.91,159.84,178.67,90.38,38.36,77.01,270.99,645.91,155.79,174.56,89.84,38.06,76.71,270.46,648.81,469.17,525.13,90.07,37.63,230.47,653.60,562.90
2026-04-15 13:15:00,2026-04-15 13:29:59,Main PF,269.59,685.04,161.58,184.28,88.50,36.37,88.42,269.87,713.87,169.58,192.16,89.14,37.81,88.55,271.09,696.49,164.81,188.24,88.44,37.60,88.16,270.18,698.47,495.97,564.68,88.69,37.26,265.13,677.60,584.50
2026-04-15 13:30:00,2026-04-15 13:44:59,Main PF,269.42,784.26,181.50,210.77,86.82,34.62,107.57,269.40,812.71,190.01,218.50,87.55,35.97,107.94,270.94,794.49,184.76,214.76,86.80,35.62,107.55,269.92,797.15,556.27,644.03,87.06,35.40,323.06,693.50,597.40
2026-04-15 13:45:00,2026-04-15 13:59:59,Main PF,269.99,648.37,155.93,174.64,90.05,35.73,77.56,270.22,665.55,160.74,179.39,90.36,37.56,77.76,271.36,653.51,157.89,176.95,90.01,37.19,77.42,270.53,655.81,474.56,530.97,90.14,36.82,232.74,619.50,552.10
2026-04-15 14:00:00,2026-04-15 14:14:59,Main PF,270.39,618.12,149.29,166.74,90.17,36.53,73.45,270.56,640.06,155.26,172.81,90.53,38.03,73.74,271.63,621.58,150.35,168.46,89.99,38.16,73.38,270.86,626.58,454.91,508.02,90.23,37.57,220.57,531.30,475.30
2026-04-15 14:15:00,2026-04-15 14:29:59,Main PF,270.33,623.37,150.28,168.09,90.12,35.79,74.30,270.58,644.82,156.69,174.12,90.57,37.46,74.55,271.74,629.36,152.31,170.67,90.04,37.29,74.27,270.88,632.51,459.29,512.87,90.24,36.85,223.12,520.30,464.50
2026-04-15 14:30:00,2026-04-15 14:44:59,Main PF,269.83,637.28,152.66,171.51,89.76,35.72,77.84,270.11,661.26,159.25,178.25,90.21,37.49,77.92,271.41,642.01,154.09,173.81,89.58,37.39,77.73,270.45,646.85,466.00,523.57,89.85,36.87,233.49,672.70,575.70
2026-04-15 14:45:00,2026-04-15 14:59:59,Main PF,269.54,704.13,164.41,189.25,87.84,34.96,93.75,269.55,729.63,172.06,196.09,88.48,36.38,93.80,270.92,710.20,166.75,191.88,87.79,35.85,93.44,270.00,714.65,503.22,577.22,88.04,35.73,280.99,666.10,574.20
2026-04-15 15:00:00,2026-04-15 15:14:59,Main PF,269.81,644.73,153.06,173.48,89.21,36.72,80.85,269.96,669.44,159.92,180.24,89.73,38.21,81.09,270.86,655.68,156.61,177.17,89.20,38.04,80.88,270.21,656.62,469.59,530.89,89.38,37.66,242.81,656.90,563.20
2026-04-15 15:15:00,2026-04-15 15:29:59,Main PF,270.76,670.03,158.12,180.91,88.39,35.35,87.35,271.15,696.86,166.49,188.36,89.10,36.62,87.29,272.08,681.84,162.04,185.08,88.49,36.45,87.00,271.33,682.91,486.65,554.35,88.66,36.14,261.64,658.30,562.80
2026-04-15 15:30:00,2026-04-15 15:44:59,Main PF,270.85,622.83,149.50,168.29,89.59,36.27,76.22,270.80,642.60,154.71,173.55,90.05,37.94,76.26,271.91,629.05,151.51,170.70,89.58,37.91,76.05,271.19,631.49,455.71,512.55,89.74,37.37,228.53,657.70,566.40
2026-04-15 15:45:00,2026-04-15 15:59:59,Main PF,270.07,716.14,167.18,192.97,87.44,34.70,96.52,270.13,738.27,173.81,198.99,88.00,36.07,96.72,271.53,724.50,169.97,196.21,87.36,35.88,96.47,270.57,726.30,510.95,588.18,87.60,35.55,289.70,657.70,567.20
2026-04-15 16:00:00,2026-04-15 16:14:59,Main PF,269.68,587.54,141.61,158.09,90.22,36.66,69.73,270.08,608.53,147.20,164.01,90.58,38.42,69.91,271.09,591.39,142.66,159.88,90.05,38.18,69.57,270.28,595.82,431.47,481.98,90.28,37.75,209.20,499.80,446.60
2026-04-15 16:15:00,2026-04-15 16:29:59,Main PF,269.88,596.17,143.06,160.52,89.97,36.04,71.60,269.88,613.21,147.96,165.13,90.30,37.80,71.73,271.20,598.62,144.26,162.01,89.77,37.48,71.55,270.32,602.67,435.28,487.66,90.01,37.11,214.88,510.60,455.50
2026-04-15 16:30:00,2026-04-15 16:44:59,Main PF,270.51,599.06,144.16,161.70,89.84,35.89,72.49,270.90,621.76,150.32,168.08,90.31,37.69,72.80,271.79,605.66,146.55,164.18,89.75,37.45,72.37,271.07,608.83,441.04,493.95,89.97,37.01,217.67,512.70,454.80
2026-04-15 16:45:00,2026-04-15 16:59:59,Main PF,270.02,724.05,168.46,195.12,87.10,33.80,99.86,270.14,756.59,177.17,203.88,87.74,35.29,100.13,271.05,730.38,169.46,197.51,86.83,35.24,99.70,270.41,737.00,515.09,596.51,87.22,34.77,299.68,671.00,571.80
2026-04-15 17:00:00,2026-04-15 17:14:59,Main PF,270.63,645.12,153.41,174.14,89.08,35.06,81.44,270.63,666.02,159.36,179.82,89.46,36.57,81.75,271.66,647.08,154.26,175.36,88.87,36.15,81.42,270.97,652.74,467.03,529.32,89.14,35.93,244.61,668.20,569.20
2026-04-15 17:15:00,2026-04-15 17:29:59,Main PF,269.83,654.27,154.63,176.13,88.73,35.52,83.74,269.98,678.20,161.15,182.65,89.19,37.10,83.84,271.30,658.02,156.06,177.96,88.52,36.73,83.54,270.37,663.50,471.84,536.75,88.81,36.45,251.13,637.60,544.90
2026-04-15 17:30:00,2026-04-15 17:44:59,Main PF,269.62,606.14,145.90,163.03,90.25,36.52,71.71,269.79,623.31,150.62,167.79,90.54,38.04,71.84,270.81,606.89,146.13,163.90,90.02,37.85,71.66,270.07,612.11,442.65,494.72,90.27,37.47,215.20,514.10,455.70
2026-04-15 17:45:00,2026-04-15 17:59:59,Main PF,270.19,602.81,146.44,162.55,90.88,36.98,69.08,270.16,618.32,150.76,166.69,91.02,39.06,69.21,271.24,598.47,145.40,161.92,90.54,38.29,69.05,270.53,606.54,442.60,491.16,90.81,38.11,207.34,513.20,460.80
2026-04-15 18:00:00,2026-04-15 18:14:59,Main PF,275.76,660.67,159.99,181.77,88.92,35.58,84.14,275.92,681.99,165.47,187.76,89.14,37.76,84.40,276.77,651.98,156.81,179.92,88.19,37.74,84.04,276.15,664.88,482.28,549.45,88.75,37.03,252.58,692.50,586.40
2026-04-15 18:15:00,2026-04-15 18:29:59,Main PF,275.38,610.13,150.85,167.72,90.68,37.65,70.55,275.30,629.38,155.34,172.86,90.72,39.69,70.90,275.98,595.02,145.99,163.76,89.82,39.78,70.51,275.55,611.51,452.18,504.35,90.41,39.04,211.97,536.30,478.90
2026-04-15 18:30:00,2026-04-15 18:44:59,Main PF,275.02,677.08,167.92,185.82,91.07,34.95,76.98,275.12,699.86,173.72,192.05,91.25,37.15,77.23,275.96,665.53,164.67,183.28,90.37,37.29,76.98,275.36,680.82,506.31,561.15,90.90,36.46,231.19,605.10,547.70
2026-04-15 18:45:00,2026-04-15 18:59:59,Main PF,275.48,659.94,163.19,181.41,90.75,35.28,76.81,275.68,683.59,169.41,188.06,90.80,37.11,77.26,276.45,646.93,158.92,178.48,89.90,37.12,76.80,275.87,663.49,491.52,547.95,90.48,36.50,230.87,607.50,543.40
2026-04-15 19:00:00,2026-04-15 19:14:59,Main PF,275.82,721.58,179.79,198.66,91.12,33.53,82.54,276.05,742.26,185.04,204.55,91.08,35.66,83.14,276.65,701.78,174.02,193.83,90.28,35.52,82.39,276.17,721.88,538.85,597.05,90.83,34.91,248.06,642.00,581.20
2026-04-15 19:15:00,2026-04-15 19:29:59,Main PF,275.97,755.37,187.73,208.02,90.86,33.13,88.18,276.24,781.84,195.01,215.48,91.13,35.17,88.22,276.91,743.67,183.86,205.48,90.19,35.22,88.09,276.37,760.29,566.59,628.97,90.73,34.51,264.50,765.80,669.00
2026-04-15 19:30:00,2026-04-15 19:44:59,Main PF,275.23,906.33,218.68,248.96,88.51,31.60,118.69,275.38,945.39,229.09,259.72,88.90,33.42,118.98,275.89,895.90,214.82,246.58,87.66,33.23,118.68,275.50,915.87,662.59,755.26,88.36,32.75,356.35,816.80,714.60
2026-04-15 19:45:00,2026-04-15 19:59:59,Main PF,276.58,745.82,187.18,205.83,91.52,33.91,83.72,276.85,784.82,197.51,216.80,91.89,35.65,84.12,277.13,738.41,184.18,204.09,90.85,36.26,83.50,276.85,756.35,568.87,626.72,91.42,35.27,251.34,673.90,612.40
2026-04-15 20:00:00,2026-04-15 20:14:59,Main PF,276.91,755.92,190.05,208.94,91.61,33.88,84.15,277.13,793.07,200.13,219.27,91.98,35.75,84.62,277.55,751.39,187.99,208.05,91.10,36.52,83.88,277.20,766.80,578.16,636.26,91.56,35.38,252.65,695.30,629.30
2026-04-15 20:15:00,2026-04-15 20:29:59,Main PF,277.85,759.31,191.03,210.45,91.38,33.84,85.47,278.01,788.95,198.80,218.81,91.60,35.65,85.99,278.45,749.42,187.34,208.21,90.71,36.08,85.53,278.10,765.89,577.17,637.47,91.23,35.19,256.98,679.70,614.70
2026-04-15 20:30:00,2026-04-15 20:44:59,Main PF,278.65,798.17,199.67,221.94,90.75,33.71,93.67,278.96,831.16,208.89,231.21,91.05,35.47,93.94,279.55,784.67,195.33,218.86,90.03,36.02,93.53,279.05,804.67,603.89,672.01,90.61,35.06,281.14,805.70,702.20
2026-04-15 20:45:00,2026-04-15 20:59:59,Main PF,278.42,760.67,193.00,211.29,91.85,34.37,83.53,278.89,785.68,200.00,218.78,91.99,36.22,83.89,279.22,746.14,187.79,207.70,91.17,36.29,83.51,278.84,764.16,580.79,637.77,91.67,35.63,250.94,683.60,618.50
2026-04-15 21:00:00,2026-04-15 21:14:59,Main PF,279.37,771.92,194.98,215.12,91.31,33.91,87.73,279.63,796.12,201.77,222.12,91.51,35.49,87.71,280.26,757.26,190.42,211.61,90.67,35.88,87.46,279.75,775.10,587.17,648.85,91.16,35.09,262.90,696.00,629.30
2026-04-15 21:15:00,2026-04-15 21:29:59,Main PF,279.87,788.68,200.41,220.26,91.52,34.02,88.30,280.12,814.11,207.29,227.54,91.75,35.67,88.34,280.71,777.41,196.73,217.88,90.98,35.74,88.07,280.23,793.40,604.43,665.69,91.42,35.14,264.72,699.10,635.30
2026-04-15 21:30:00,2026-04-15 21:44:59,Main PF,280.05,808.27,204.36,225.85,91.06,33.47,92.61,280.21,835.50,211.58,233.50,91.22,35.31,92.98,280.82,792.66,199.41,222.20,90.37,35.58,92.54,280.36,812.14,615.35,681.55,90.88,34.79,278.13,722.40,653.80
2026-04-15 21:45:00,2026-04-15 21:59:59,Main PF,277.42,795.06,200.14,219.96,91.67,33.62,88.49,277.76,827.39,209.86,229.35,92.00,35.20,88.79,278.33,787.16,197.77,218.54,91.16,35.47,88.38,277.84,803.20,607.77,667.86,91.61,34.76,265.66,707.60,644.90
2026-04-15 22:00:00,2026-04-15 22:14:59,Main PF,276.42,804.26,202.11,221.81,91.62,33.49,89.51,276.61,831.97,209.01,229.60,91.88,35.06,89.89,277.43,798.32,200.43,221.12,91.22,34.72,89.48,276.82,811.52,611.56,672.53,91.58,34.42,268.89,713.00,648.00
2026-04-15 22:15:00,2026-04-15 22:29:59,Main PF,275.53,697.19,172.27,191.64,90.66,37.33,80.71,275.22,710.80,175.33,195.13,90.60,39.98,80.94,276.27,680.16,167.24,187.49,89.96,39.41,80.70,275.68,696.05,514.85,574.26,90.41,38.90,242.35,700.40,598.80
2026-04-15 22:30:00,2026-04-15 22:44:59,Main PF,273.26,809.07,196.56,220.64,89.77,35.61,98.00,273.34,818.93,198.71,223.23,89.64,38.22,98.02,274.14,791.64,191.39,216.44,89.16,36.66,97.96,273.58,806.55,586.65,660.30,89.52,36.83,293.99,747.00,648.10
2026-04-15 22:45:00,2026-04-15 22:59:59,Main PF,274.35,771.04,193.03,211.02,92.08,36.15,81.96,274.18,777.41,194.11,212.66,92.00,38.61,82.10,275.18,753.48,188.04,206.87,91.64,37.34,82.01,274.57,767.31,575.17,630.55,91.91,37.37,246.06,653.20,598.00
2026-04-15 23:00:00,2026-04-15 23:14:59,Main PF,274.61,781.13,194.47,213.99,91.76,35.51,85.19,274.59,795.27,198.06,217.84,91.76,37.86,85.49,275.63,767.07,191.17,210.90,91.28,36.44,85.25,274.94,781.15,583.69,642.73,91.60,36.60,255.93,681.00,617.90
2026-04-15 23:15:00,2026-04-15 23:29:59,Main PF,274.92,771.81,192.78,211.67,91.79,35.93,84.12,274.68,784.65,195.92,215.07,91.84,38.39,84.16,275.62,758.62,189.51,208.69,91.39,37.04,84.00,275.07,771.69,578.20,635.43,91.67,37.12,252.27,678.10,616.10
2026-04-15 23:30:00,2026-04-15 23:44:59,Main PF,275.10,715.44,178.19,196.51,91.31,36.83,80.27,275.37,731.17,181.89,200.95,91.21,39.63,80.38,276.05,695.78,172.37,191.66,90.58,38.59,80.14,275.51,714.13,532.45,589.11,91.03,38.35,240.80,611.00,551.30
2026-04-15 23:45:00,2026-04-15 23:59:59,Main PF,276.10,689.84,171.26,189.95,90.82,37.26,78.98,276.09,705.85,175.38,194.48,90.74,39.93,79.18,276.83,668.46,164.77,184.70,89.93,39.08,78.94,276.34,688.05,511.42,569.13,90.49,38.76,237.11,708.70,649.00
2026-04-16 00:00:00,2026-04-16 00:14:59,Main PF,275.26,864.20,218.04,237.28,92.55,36.62,89.62,275.32,882.99,223.18,242.60,92.62,39.27,89.83,276.08,845.18,212.85,232.75,92.07,38.15,89.60,275.55,864.13,654.06,712.63,92.42,38.02,269.05,820.00,753.40
2026-04-16 00:15:00,2026-04-16 00:29:59,Main PF,275.08,987.98,250.67,271.23,92.92,34.01,100.64,275.08,1007.91,255.32,276.63,93.01,36.18,100.74,275.69,976.76,247.46,268.70,92.66,34.70,100.62,275.29,990.89,753.45,816.56,92.86,34.96,302.00,838.20,774.70
2026-04-16 00:30:00,2026-04-16 00:44:59,Main PF,275.82,998.39,255.55,274.79,93.68,34.52,95.81,275.81,1018.73,260.99,280.50,93.78,36.69,96.16,276.41,986.26,252.69,272.04,93.46,35.38,95.76,276.01,1001.13,769.24,827.33,93.64,35.53,287.74,889.60,832.70
2026-04-16 00:45:00,2026-04-16 00:59:59,Main PF,276.19,1029.35,264.44,283.67,93.79,33.72,98.36,276.11,1053.31,270.65,290.34,93.92,35.89,98.65,276.69,1024.26,263.58,282.85,93.65,34.36,98.25,276.33,1035.64,798.67,856.86,93.79,34.66,295.26,900.50,846.00
2026-04-16 01:00:00,2026-04-16 01:14:59,Main PF,277.16,666.11,167.56,183.92,90.88,38.40,71.46,276.99,684.64,171.82,188.96,90.78,41.00,71.67,277.44,648.97,162.22,179.40,89.85,40.22,71.34,277.20,666.58,501.60,552.28,90.51,39.87,214.47,892.70,837.60
2026-04-16 01:15:00,2026-04-16 01:29:59,Main PF,276.86,1036.25,266.77,286.33,93.69,33.67,98.70,276.60,1059.25,272.57,292.33,93.81,35.78,98.87,277.37,1027.25,264.67,284.33,93.45,34.34,98.75,276.94,1040.92,804.01,862.98,93.65,34.60,296.32,942.30,883.50
2026-04-16 01:30:00,2026-04-16 01:44:59,Main PF,276.52,1120.74,288.94,309.31,93.92,32.48,106.33,276.42,1146.32,295.44,316.14,94.09,34.18,106.58,277.14,1119.57,289.26,309.74,93.86,32.71,106.35,276.69,1128.88,873.64,935.19,93.96,33.12,319.26,971.20,911.80
2026-04-16 01:45:00,2026-04-16 01:59:59,Main PF,276.95,1075.08,277.21,297.02,93.67,32.79,102.27,276.86,1098.05,283.38,303.58,93.78,34.86,102.43,277.50,1068.73,276.03,295.99,93.48,33.24,102.00,277.10,1080.62,836.61,896.59,93.64,33.63,306.71,985.60,924.90
2026-04-16 02:00:00,2026-04-16 02:14:59,Main PF,278.50,458.16,113.16,127.28,89.58,39.47,54.98,278.62,472.03,116.48,131.21,89.35,42.52,55.22,279.01,442.94,108.25,123.29,88.35,41.77,55.04,278.71,457.71,337.88,381.77,89.09,41.25,165.24,426.10,385.40
2026-04-16 02:15:00,2026-04-16 02:29:59,Main PF,278.89,455.02,112.04,126.52,89.23,39.77,55.27,278.90,472.89,116.51,131.54,89.18,42.48,55.57,279.42,441.41,107.74,123.04,88.07,41.68,55.29,279.07,456.44,336.29,381.11,88.83,41.31,166.12,419.10,374.00
2026-04-16 02:30:00,2026-04-16 02:44:59,Main PF,279.23,452.56,111.33,126.03,89.29,39.95,55.20,279.27,471.07,116.15,131.15,89.33,42.97,55.24,279.59,442.53,108.03,123.45,88.19,41.83,55.22,279.37,455.38,335.51,380.63,88.93,41.58,165.66,411.60,370.40
2026-04-16 02:45:00,2026-04-16 02:59:59,Main PF,278.01,454.54,112.01,126.09,89.56,40.00,54.70,278.19,470.44,116.03,130.49,89.65,42.54,54.88,278.49,447.89,109.72,124.48,88.83,41.19,54.61,278.23,457.63,337.76,381.06,89.35,41.24,164.18,425.40,380.20
2026-04-16 03:00:00,2026-04-16 03:14:59,Main PF,278.15,459.23,113.97,127.44,90.29,39.96,53.34,278.19,478.51,119.46,132.76,90.51,42.64,53.56,278.66,454.01,112.17,126.14,89.67,42.00,53.25,278.33,463.92,345.60,386.34,90.16,41.53,160.14,418.90,377.60
2026-04-16 03:15:00,2026-04-16 03:29:59,Main PF,277.96,471.42,116.54,130.79,89.96,38.85,55.85,278.35,490.29,121.62,136.07,90.22,41.49,55.93,278.71,465.22,114.78,129.33,89.35,40.83,55.75,278.34,475.64,352.94,396.19,89.84,40.39,167.53,424.00,381.70
2026-04-16 03:30:00,2026-04-16 03:44:59,Main PF,278.13,483.27,121.20,134.07,91.12,39.26,53.96,278.58,506.32,127.41,140.71,91.32,41.60,54.27,278.71,474.64,118.11,131.92,90.19,41.53,54.25,278.47,488.08,366.72,406.71,90.88,40.80,162.49,459.40,412.20
2026-04-16 03:45:00,2026-04-16 03:59:59,Main PF,278.54,479.16,120.04,133.16,91.00,39.47,54.15,278.89,499.17,125.38,138.92,91.03,41.93,54.64,278.99,469.67,116.84,130.64,90.20,41.10,54.20,278.81,482.67,362.27,402.72,90.74,40.83,163.00,418.00,375.30
2026-04-16 04:00:00,2026-04-16 04:14:59,Main PF,277.86,493.70,123.44,136.82,91.14,38.03,55.74,278.26,516.33,129.75,143.33,91.35,40.36,55.89,278.26,485.30,120.58,134.68,90.39,39.77,55.67,278.13,498.44,373.77,414.82,90.96,39.39,167.30,432.00,390.80
2026-04-16 04:15:00,2026-04-16 04:29:59,Main PF,277.82,481.30,122.49,133.39,92.79,40.34,48.80,278.31,506.25,129.74,140.49,93.07,42.67,48.97,278.24,475.82,120.91,132.04,92.17,42.59,48.80,278.12,487.79,373.13,405.91,92.68,41.87,146.57,417.90,382.30
2026-04-16 04:30:00,2026-04-16 04:44:59,Main PF,277.79,482.77,122.98,133.75,92.82,40.13,48.85,278.09,505.01,129.25,140.11,93.01,42.66,49.08,278.36,473.49,120.18,131.44,92.14,42.35,48.92,278.08,487.09,372.41,405.30,92.66,41.71,146.85,421.90,386.00
2026-04-16 04:45:00,2026-04-16 04:59:59,Main PF,277.94,482.91,123.02,133.88,92.75,40.19,48.96,278.08,502.68,128.29,139.41,92.92,42.82,49.22,278.21,474.05,120.34,131.53,92.19,41.98,48.97,278.07,486.55,371.65,404.82,92.62,41.66,147.16,414.80,380.90
2026-04-16 05:00:00,2026-04-16 05:14:59,Main PF,277.44,479.16,121.91,132.60,92.95,40.58,48.00,277.64,501.66,128.11,138.97,93.05,43.53,48.43,277.67,469.64,119.32,130.11,92.26,42.96,48.00,277.59,483.49,369.34,401.68,92.75,42.36,144.42,409.90,380.40
2026-04-16 05:15:00,2026-04-16 05:29:59,Main PF,276.69,648.56,164.75,179.07,92.79,40.93,65.00,276.79,674.16,171.36,186.16,92.83,43.77,65.56,277.12,617.74,155.51,170.79,91.87,43.25,64.95,276.87,646.82,491.62,536.02,92.49,42.65,195.52,590.80,540.00
2026-04-16 05:30:00,2026-04-16 05:44:59,Main PF,276.82,502.43,127.72,138.80,92.97,40.19,50.81,277.01,526.89,134.39,145.61,93.03,43.01,51.09,276.82,490.15,124.07,135.29,92.29,42.55,50.67,276.88,506.49,386.18,419.70,92.76,41.92,152.57,526.00,483.90
2026-04-16 05:45:00,2026-04-16 05:59:59,Main PF,276.54,481.64,122.09,132.89,92.89,40.16,48.55,276.74,502.63,127.59,138.66,92.95,42.61,48.98,276.67,470.05,118.97,129.73,92.21,42.14,48.51,276.65,484.77,368.66,401.28,92.68,41.64,146.05,407.60,377.60
2026-04-16 06:00:00,2026-04-16 06:14:59,Main PF,275.75,471.69,118.96,129.76,92.64,40.75,48.16,276.07,494.09,125.07,136.05,92.84,43.37,48.55,276.38,467.32,117.86,128.85,92.18,42.11,48.18,276.07,477.70,361.90,394.67,92.55,42.08,144.89,401.90,368.90
2026-04-16 06:15:00,2026-04-16 06:29:59,Main PF,277.55,478.37,121.92,132.36,93.13,39.85,47.33,277.91,498.95,127.79,138.26,93.28,42.43,47.72,278.11,473.04,120.15,131.16,92.65,42.20,47.43,277.86,483.45,369.87,401.78,93.02,41.50,142.47,410.70,375.40
2026-04-16 06:30:00,2026-04-16 06:44:59,Main PF,277.71,459.48,119.35,127.24,94.81,42.23,39.23,277.87,481.52,125.73,133.41,95.05,43.73,39.34,278.33,455.32,118.31,126.35,94.58,44.00,39.04,277.97,465.44,363.39,387.01,94.81,43.32,117.61,395.30,370.40
2026-04-16 06:45:00,2026-04-16 06:59:59,Main PF,277.80,462.16,120.31,128.05,94.79,42.16,39.39,277.90,482.33,125.89,133.70,94.99,44.24,39.75,278.42,459.79,119.67,127.66,94.55,43.59,39.47,278.04,468.09,365.87,389.41,94.78,43.33,118.62,400.10,374.10
2026-04-16 07:00:00,2026-04-16 07:14:59,Main PF,277.69,459.45,119.52,127.33,94.89,42.79,38.80,277.65,478.22,124.97,132.39,95.11,44.84,38.86,278.30,455.24,118.52,126.29,94.68,43.98,38.71,277.88,464.30,363.01,386.01,94.89,43.87,116.37,392.70,369.80
2026-04-16 07:15:00,2026-04-16 07:29:59,Main PF,277.79,463.24,120.60,128.32,94.87,42.54,39.27,277.69,478.39,124.79,132.48,95.04,44.17,39.34,278.65,456.72,118.93,126.94,94.64,43.55,39.10,278.04,466.12,364.32,387.74,94.85,43.42,117.71,395.90,371.70
2026-04-16 07:30:00,2026-04-16 07:44:59,Main PF,278.14,461.19,120.23,127.96,94.95,42.79,38.61,278.05,475.46,124.31,131.82,95.10,44.23,38.71,278.72,455.68,118.93,126.66,94.71,43.94,38.73,278.30,464.11,363.46,386.44,94.92,43.65,116.06,393.70,371.20
2026-04-16 07:45:00,2026-04-16 07:59:59,Main PF,277.75,461.88,120.44,127.96,94.97,43.08,38.72,277.72,475.41,124.12,131.65,95.06,44.72,38.80,278.64,459.12,119.98,127.61,94.78,44.16,38.71,278.04,465.47,364.54,387.23,94.94,43.99,116.24,397.30,372.20
2026-04-16 08:00:00,2026-04-16 08:14:59,Main PF,277.94,462.61,120.41,128.20,94.88,43.17,38.88,277.96,473.65,123.30,131.31,94.98,44.57,39.01,278.96,462.46,120.79,128.65,94.79,43.55,38.82,278.28,466.24,364.50,388.16,94.88,43.76,116.72,410.40,384.40
2026-04-16 08:15:00,2026-04-16 08:29:59,Main PF,277.64,460.81,120.72,127.60,95.27,42.46,37.30,277.62,469.96,123.21,130.13,95.34,44.22,37.39,278.72,458.40,120.54,127.46,95.17,43.60,37.32,277.99,463.06,364.47,385.19,95.26,43.43,112.02,391.30,370.50
2026-04-16 08:30:00,2026-04-16 08:44:59,Main PF,278.00,462.54,121.27,128.19,95.15,42.69,37.98,277.83,472.48,123.88,130.97,95.24,44.84,38.07,278.96,458.96,120.09,127.70,94.98,44.49,37.95,278.26,464.66,365.24,386.86,95.12,44.01,113.99,394.90,373.00
2026-04-16 08:45:00,2026-04-16 08:59:59,Main PF,277.38,462.59,121.17,127.97,95.32,43.05,37.20,277.11,470.88,123.26,130.19,95.39,44.53,37.30,278.49,460.21,120.90,127.75,95.23,43.86,37.16,277.66,464.56,365.32,385.91,95.31,43.81,111.66,395.20,373.30
2026-04-16 09:00:00,2026-04-16 09:14:59,Main PF,276.72,464.83,121.45,128.26,95.19,42.24,38.05,276.67,474.98,124.14,131.09,95.24,43.94,38.23,277.89,461.34,120.45,127.92,95.02,43.64,38.04,277.09,467.05,366.05,387.28,95.15,43.27,114.32,394.20,372.40
2026-04-16 09:15:00,2026-04-16 09:29:59,Main PF,276.32,462.00,120.12,127.39,95.06,42.69,38.23,276.44,470.64,122.79,129.80,95.19,44.14,38.18,277.48,458.49,119.65,126.91,94.96,43.93,38.15,276.75,463.71,362.56,384.11,95.07,43.59,114.57,389.80,369.60
2026-04-16 09:30:00,2026-04-16 09:44:59,Main PF,276.01,462.38,119.42,127.27,94.73,42.16,39.77,275.99,474.82,122.66,130.71,94.88,43.92,39.86,277.18,461.42,119.59,127.52,94.61,42.89,39.73,276.39,466.21,361.68,385.51,94.74,42.99,119.36,396.40,371.30
2026-04-16 09:45:00,2026-04-16 09:59:59,Main PF,275.37,454.52,117.38,124.82,94.81,43.64,38.54,275.11,465.61,120.08,127.72,94.99,45.09,38.56,276.41,456.92,118.44,125.96,94.85,43.69,38.42,275.63,459.02,355.89,378.50,94.89,44.14,115.51,392.00,367.60
2026-04-16 10:00:00,2026-04-16 10:14:59,Main PF,275.07,465.23,120.87,127.65,95.37,42.81,37.34,274.62,473.12,122.81,129.67,95.45,44.26,37.38,276.00,461.86,120.39,127.22,95.29,43.41,37.29,275.23,466.73,364.07,384.55,95.37,43.50,112.01,391.40,369.50
2026-04-16 10:15:00,2026-04-16 10:29:59,Main PF,274.58,456.83,118.39,125.13,95.31,42.87,36.89,274.28,467.09,120.99,127.77,95.41,44.41,37.01,275.73,459.34,119.45,126.33,95.31,43.09,36.88,274.86,461.09,358.83,379.23,95.34,43.46,110.78,389.80,368.60
2026-04-16 10:30:00,2026-04-16 10:44:59,Main PF,274.29,473.26,122.55,129.45,95.36,41.54,38.16,274.21,482.29,124.72,131.87,95.44,42.49,38.27,275.41,473.25,122.98,130.08,95.35,42.00,38.14,274.64,476.27,370.25,391.40,95.39,42.01,114.57,407.50,384.30
2026-04-16 10:45:00,2026-04-16 10:59:59,Main PF,273.70,475.09,122.83,129.69,95.55,41.01,37.70,273.64,485.32,125.46,132.42,95.65,42.64,37.74,274.80,474.30,123.11,130.06,95.51,41.56,37.65,274.05,478.24,371.40,392.18,95.57,41.74,113.09,398.70,377.10
2026-04-16 11:00:00,2026-04-16 11:14:59,Main PF,273.48,472.15,121.73,128.76,95.41,41.31,37.95,273.42,482.62,124.88,131.61,95.54,42.42,37.99,274.65,472.42,122.17,129.35,95.36,41.82,37.92,273.85,475.73,368.78,389.72,95.44,41.85,113.86,402.10,378.60
2026-04-16 11:15:00,2026-04-16 11:29:59,Main PF,273.34,469.29,121.04,127.92,95.43,41.84,37.60,273.24,480.58,124.11,130.98,95.54,42.61,37.71,274.39,467.97,121.02,128.07,95.36,41.93,37.60,273.66,472.61,366.17,386.97,95.44,42.12,112.91,400.90,380.00
2026-04-16 11:30:00,2026-04-16 11:44:59,Main PF,273.03,458.00,118.59,124.71,95.63,42.62,35.64,272.72,468.47,121.21,127.35,95.77,43.96,35.71,274.41,455.33,118.55,124.63,95.57,43.39,35.54,273.39,460.60,358.35,376.69,95.66,43.32,106.89,400.00,379.00
2026-04-16 11:45:00,2026-04-16 11:59:59,Main PF,272.77,445.37,115.24,121.13,95.86,44.57,33.53,272.93,454.72,117.74,123.77,96.00,45.74,33.65,274.10,444.93,115.88,121.66,95.82,45.21,33.51,273.26,448.34,348.86,366.57,95.89,45.17,100.68,386.20,365.80
2026-04-16 12:00:00,2026-04-16 12:14:59,Main PF,273.03,454.61,117.41,123.81,95.63,43.32,35.39,272.93,465.73,120.30,126.75,95.81,44.25,35.47,274.36,460.82,119.34,126.07,95.71,43.52,35.40,273.44,460.39,357.05,376.63,95.72,43.70,106.25,390.80,369.50
2026-04-16 12:15:00,2026-04-16 12:29:59,Main PF,272.69,454.06,116.89,123.48,95.79,43.40,34.73,272.59,463.86,119.62,126.08,95.91,44.47,34.81,273.72,457.57,118.53,124.88,95.83,43.50,34.72,273.00,458.50,355.04,374.44,95.84,43.79,104.26,385.40,364.80
2026-04-16 12:30:00,2026-04-16 12:44:59,Main PF,272.52,454.66,117.05,123.61,95.77,43.33,34.93,272.28,463.17,119.28,125.80,95.86,44.24,35.00,273.82,456.69,118.19,124.74,95.77,43.39,34.92,272.87,458.17,354.52,374.15,95.80,43.65,104.86,382.20,362.10
2026-04-16 12:45:00,2026-04-16 12:59:59,Main PF,272.31,462.93,119.41,125.68,95.91,41.99,35.00,272.19,469.83,121.61,127.57,95.96,43.21,35.08,273.61,461.55,119.42,126.03,95.88,42.20,35.00,272.71,464.77,360.44,379.27,95.92,42.47,105.09,391.50,370.50
2026-04-16 13:00:00,2026-04-16 13:14:59,Main PF,272.11,457.63,117.47,124.21,95.78,42.62,35.12,272.09,467.13,120.59,126.80,95.89,43.61,35.15,273.26,459.59,118.66,125.29,95.79,42.97,35.09,272.48,461.45,356.73,376.30,95.82,43.07,105.37,388.40,368.60
2026-04-16 13:15:00,2026-04-16 13:29:59,Main PF,271.73,453.84,116.28,122.97,95.71,42.79,35.04,271.78,468.13,120.52,126.87,95.88,43.78,35.14,272.91,460.19,118.51,125.25,95.79,43.13,34.96,272.14,460.72,355.31,375.09,95.79,43.23,105.14,387.20,366.70
2026-04-16 13:30:00,2026-04-16 13:44:59,Main PF,271.86,289.69,74.44,78.52,96.15,31.09,22.06,271.85,293.82,75.88,79.64,96.19,32.53,22.07,273.00,288.01,74.43,78.36,96.13,31.90,22.01,272.24,290.51,224.75,236.52,96.16,31.84,66.14,378.00,359.40
2026-04-16 13:45:00,2026-04-16 13:59:59,Main PF,272.23,222.98,57.58,60.47,96.26,26.73,17.04,272.48,225.07,58.25,61.11,96.18,28.13,17.09,273.37,219.65,56.97,59.87,96.07,27.80,17.05,272.69,222.57,172.80,181.44,96.17,27.55,51.17,185.50,176.70
2026-04-16 14:00:00,2026-04-16 14:14:59,Main PF,271.65,222.21,57.25,60.13,96.38,26.84,16.63,271.77,224.69,57.97,60.82,96.37,28.24,16.66,273.05,220.31,57.01,59.97,96.30,27.56,16.61,272.16,222.40,172.23,180.92,96.35,27.55,49.91,188.60,179.50
2026-04-16 14:15:00,2026-04-16 14:29:59,Main PF,271.51,224.93,58.02,60.83,96.57,26.61,16.42,271.54,227.29,58.60,61.47,96.53,28.20,16.50,272.81,220.84,57.11,60.02,96.41,27.77,16.45,271.95,224.35,173.74,182.32,96.50,27.53,49.38,194.50,185.00
2026-04-16 14:30:00,2026-04-16 14:44:59,Main PF,271.65,220.29,56.79,59.56,96.59,27.13,16.01,271.78,222.02,57.31,60.10,96.57,28.67,16.06,273.01,218.27,56.59,59.35,96.54,27.79,15.99,272.15,220.20,170.70,179.01,96.57,27.87,48.05,190.70,179.50
2026-04-16 14:45:00,2026-04-16 14:59:59,Main PF,271.08,226.67,58.31,61.19,96.57,25.91,16.53,271.23,227.67,58.70,61.53,96.50,28.51,16.59,272.38,223.97,57.59,60.69,96.48,27.39,16.52,271.56,226.10,174.60,183.42,96.52,27.27,49.64,202.00,190.10
2026-04-16 15:00:00,2026-04-16 15:14:59,Main PF,270.63,222.49,56.91,60.03,96.41,26.76,16.64,270.89,224.72,57.53,60.67,96.37,28.47,16.66,271.97,223.64,57.47,60.54,96.42,27.51,16.63,271.17,223.62,171.90,181.23,96.40,27.58,49.94,193.20,182.00
2026-04-16 15:15:00,2026-04-16 15:29:59,Main PF,272.01,218.53,56.30,59.29,96.77,26.97,15.47,272.03,218.14,56.41,59.07,96.67,28.73,15.50,273.24,216.54,56.14,58.89,96.71,28.43,15.48,272.43,217.74,168.86,177.24,96.72,28.04,46.44,181.90,173.80
